Term:English,Description:English,Part:English,Term:Afrikaans,Description:Afrikaans,Term:Amharic,Description:Amharic,Term:Arabic,Description:Arabic,Term:Bengali,Description:Bengali,Term:Bengali (India),Description:Bengali (India),Term:Bulgarian,Description:Bulgarian,Term:Catalan,Description:Catalan,Term:Chinese Simplified,Description:Chinese Simplified,Term:Czech,Description:Czech,Term:Danish,Description:Danish,Term:Dutch,Description:Dutch,Term:Finnish,Description:Finnish,Term:French,Description:French,Term:German,Description:German,Term:Greek,Description:Greek,Term:Haitian Creole,Description:Haitian Creole,Term:Hausa,Description:Hausa,Term:Hebrew,Description:Hebrew,Term:Hindi,Description:Hindi,Term:Hungarian,Description:Hungarian,Term:Igbo,Description:Igbo,Term:Indoensian,Description:Indoensian,Term:Italian,Description:Italian,Term:Japanese,Description:Japanese,Term:Korean,Description:Korean,Term:Nepali,Description:Nepali,Term:Norwegian,Description:Norwegian,Term:Oromo,Description:Oromo,Term:Persian,Description:Persian,Term:Polish,Description:Polish,Term:Portuguese,Description:Portuguese,Term:Portuguese (Brazilian),Description:Portuguese (Brazilian),Term:Romanian,Description:Romanian,Term:Russian,Description:Russian,Term:Serbian (Cyrillic),Description:Serbian (Cyrillic),Term:Shona,Description:Shona,Term:Sinhala,Description:Sinhala,Term:Spanish (Modern),Description:Spanish (Modern),Term:Swahili,Description:Swahili,Term:Swedish,Description:Swedish,Term:Telugu,Description:Telugu,Term:Thai,Description:Thai,Term:Turkish,Description:Turkish,Term:Ukranian,Description:Ukranian,Term:Urdu (Pakistan),Description:Urdu (Pakistan),Term:Vietnamese,Description:Vietnamese,Term:Yoruba,Description:Yoruba,Term:Zulu,Description:Zulu
Ali,,NOUN,,,,,,,,,,,Camper Cat,,,,,,,,,,,,,,,,Camper Katze,Charakter von freeCodeCamp,,,,,,,קמפר קאט,דמות של מחנה קוד חינם,,,,,,,,,,,,,,,,,,,,,گربه ی جنگجو,,,,,,,,,,,Котурист,,,,,,,Camper Cat,Character of freeCodeCamp,,,,,,,,,Kampçı Kedi,,Кіт Кампер,,علی,,,,,,,
object,,NOUN,,,,,,,অবজেক্ট,,,,,,,,,,,,,,,,,,,,,,,,,,,,,,,,,,,,,,oggetto,,,,,,,,,,,,,,,,,,,,,,,,,,,,,,objeto,Lo que tiene entidad ya sea corporal o espiritual natural o artificial concreta abstracta o virtual.,,,,,,,,,,,об'єкт,,,,,,,,,
contrast ratio,,,,,,,,,কন্ট্রাস্টের অনুপাত,,,,,,,,,,,,,,,,,,rapport de contraste,,,,,,,,,,,,,,,,,,,,,,,,,,,,,,,,,,,,,,,,,,,,,,,,,,,,,,,,,,,,,,,,,,tỉ lệ tương phản,,,,,
background-color,,,,,,,,,ব্যাকগ্রাউণ্ডের রঙ,,,,,,,,,,,,,,,,,,background-color,,,,,,,,,,,,,,,,,,,,,,,,,,,,,,,,,,,,,,,,,,,вообще - цвет фона если это не CSS-параметр,,,,,,,Color de fondo,,,,,,,,,,,,,,,,,,,,,
form control,,NOUN,,,,,,,ফর্ম কন্ট্রোল,,,,,,,,表单部件,,,,,,,,,,widget de formulaire,Source : https://developer.mozilla.org/fr/docs/Learn/Forms/Basic_native_form_controls,,,,,,,,,,,,,,,,,,,,,フォームコントロール,HTMLフォームの入力用の要素 (input、select、button など) を指すとき。カタカナのみでは伝わらないと思われる場合「フォームコントロール (入力フィールド)」と注釈を添える。,,,,,,,,,,,,,,,,,,,,,,,,,,,control de formularios,,,,,,,,,,,,,,,,,,,,,
Best Practice,titre,X,,,,,,,,,,,,,,,,,,,,,,,,,Bonnes pratiques,,,,,,,,,,,,,,,,,,,,,,,,,,,,,,,,,,,,,,,,,,,,,,,,,,,,,,,,,,,,,,,,,,,,,,,
assigned,,VERB,,,,,,,,,,,,,,,,,,,,,,,,,affecté,,,,,,,,,,,,,,,,,,,,,,,,,,,,,,,,,,,,,,,,,,,назначено присвоено,,,,,,,,,,,,,,,,,,,,,,,,,,,,
assigns,,VERB,,,,,,,,,,,,,,,,,,,,,,,,,affecter,,,,,,,,,,,,,,,,,,,,,,,,,,,,,,,,,,,,,,,,,,,,,,,,,,,,,,,,,,,,,,,,,,,,,,,
You should not change code below the specified comment.,,,,,,,,,,,,,,,,,,,,,,,,,,,Le commentaire montre où commencer ne modifiez pas le code au-dessus.,,,,,,,,,,,,,,,,,,,,,,,,,,,,,,,,,,,,,,,,,,,Не следует изменять код ниже указанного комментария.,,,,,,,,,,,,,,,,,,,,,,,,,,,,
anchor,"The HTML <a> element (or anchor element) with its href attribute creates a hyperlink to web pages files email addresses locations in the same page or anything else a URL can address. Content within each <a> should indicate the link's destination.",,,,,,,,,,,,,,,,,,,,,,,,,,,,,,,,,,,,,,,,,,,,,,,,,,,,,,,,,,,,,,,,,,,,,Якорем называется закладка с уникальным именем на определенном месте веб-страницы предназначенная для создания перехода к ней по ссылке. Якоря удобно применять в документах большого объема чтобы можно было быстро переходить к нужному разделу.,,,,,,,ancla (anchor),"anchor
El elemento HTML <a> (o elemento anchor) con su atributo href crea un hipervínculo a páginas web archivos direcciones de correo electrónico ubicaciones en la misma página o cualquier otra cosa que una URL pueda dirigir. El contenido dentro de cada <a> debe indicar el destino del enlace.",,,,,,,,,,,,,,,,,,,,
backslash,,NOUN,,,,,,,,,,,,,,,,,,,,,,,,,,,,,,,,,,,,,,,,,,,,,,,,,,,,,,,,,,,,,,,,,,,,обратная косая черта / слэш,,,,,,,barra diagonal invertida / barra invertida,,,,,,,,,,,,,,,,,,,,,
module,模块,PRON,,,,,,,,,,,,,,,,,,,,,,,,,,,,,,,,,,,,,,,,,,,,,,,,,,,,,,,,,,,,,,,,,,,,,,,,,,,,,,,,,,,,,,,,,,,,,,,,
array,,NOUN,,,,,مصفوفة,,এরে,,,,,,,,数组,,,,,,,,,,un tableau,,,,,,,,,,,,,,,,,,,,,,,,,,,,,,,,,,,,مصفوفة,,,,,,массив,,,,,,,,arreglo,,,,,,,,,,dizi,,масив,,,,,,,,,
brackets,,NOUN,,,,,,,,,,,,,,,,,,,,,,,,,,,,,,,,,,,,,,,,,,,,,,,,,,,,,,,,,,,,,,,,,,,,скобки,,,,,,,corchetes,,,,,,,,,,,,,,,,,,,,,
challenge,,NOUN,,,,,,,,,,,,,,,挑战,,,,,,,,,,,,,,,,,,,,,,,,,,,,,,,,チャレンジ,freeCodeCamp の 1 画面ずつの課題を指すとき,,,,,,,,,,,,,,,,,,,,задача испытание вызов,,,,,,,desafío,,,,,,,,,,görev,,,,,,,,,,,
browser,,NOUN,,,,,,,,,,,,,,,浏览器,,,,,,,,,,,,Browser,,,,,,,,,,,,,,,,,,,,,,,,,,,,,,,,,,,,,,,,,,,,,,,,navegador,,,,,,,,,,tarayıcı,,браузер,,,,,,,,,
module,模块,NOUN,,,,,,,,,,,,,,,,,,,,,,,,,,,,,,,,,,,,,,,,,,,,,,,,,,,,,,,,,,,,,,,,,,,,,,,,,,,,,,,,,,,,,,,,,,,,,,,,
function,,NOUN,,,,,,,,,,,,,,,函数,函数是由事件驱动的或者当它被调用时执行的可重复使用的代码块。,,,,,,,,,fonction,,,,,,,,,,,,,,,,,,,,,,,,,,,,,,,,,,,,,,,,,,,,,,,,,,función,,,,,,,,,,,,,,,,,,,,,
camper cat,,,,,,,,,ক্যাম্পার ক্যাট,,,,,,,,不翻译,人物名称,,,,,,,,,,,,,,,,,,,,,,,,,,,,,,,,,,,,,,,,,,,,,,,,,,,,,,,,,,,Camper Cat,,,,,,,,,,,,,,,,,,,,,
module,,,,,,,,,,,,,,,,,模块,,,,,,,,,,,,,,,,,,,,,,,,,,,,,,,,,,,,,,,,,,,,,,,,,,,,,,,,,,,,módulo,,,,,,,,,,,,,,,,,,,,,
dataframe,,NOUN,,,,,,,,,,,,,,,不翻译,,,,,,,,,,,,,,,,,,,,,,,,,,,,,,,,,,,,,,,,,,,,,,,,,,,,,,,,,,,,dataframe,,,,,,,,,,,,таблиця даних,,,,,,,,,
npm Package,,,,,,,,,,,,,,,,,npm 包,,,,,,,,,,,,,,,,,,,,,,,,,,,,,,,,,,,,,,,,,,,,,,,,,,,,,,,,,,,,paquete npm,,,,,,,,,,,,,,,,,,,,,
webpage,,,,,,,,,,,,,,,,,网页,,,,,,,,,,,,,,,,,,,,,,,,,,,,,,,,,,,,,,,,,,,,,,,,,,,,веб-страница,,,,,,,,pagina web,,,,,,,,,,,,,,,,,,,,,
key-value pairs,,,,,,,,,,,,,,,,,键值对,,,,,,,,,,,,,,,,,,,,,,,,,,,,,,,,,,,,,,,,,,,,,,,,,,,,,,,,,,,,pares clave-valor,,,,,,,,,,,,,,,,,,,,,
description,,,,,,,,,,,,,,,,,描述,,,,,,,,,,,,,,,,,,,,,,,,,,,,,,,,,,,,,,,,,,,,,,,,,,,,,,,,,,,,descripción,,,,,,,,,,,,,,,,,,,,,
required fields,,,,,,,,,,,,,,,,,必填（须）字段,,,,,,,,,,,,,,,,,,,,,,,,,,,,,,,,,,,,,,,,,,,,,,,,,,,,,,,,,,,,campos requeridos,,,,,,,,,,,,,,,,,,,,,
file tree,,,,,,,,,,,,,,,,,文件树,,,,,,,,,,,,,,,,,,,,,,,,,,,,,,,,,,,,,,,,,,,,,,,,,,,,,,,,,,,,árbol de archivos,,,,,,,,,,,,,,,,,,,,,
file,,,,,,,,,,,,,,,,,文件,,,,,,,,,,,,,,,,,,,,,,,,,,,,,,,,,,,,,,,,,,,,,,,,,,,,,,,,,,,,archivo,,,,,,,,,,,,,,,,,,,,,
double-quotes,,,,,,,,,,,,,,,,,双引号,,,,,,,,,,,,,,,,,,,,,,,,,,,,,,,,,,,,,,,,,,,,,,,,,,,,,,,,,,,,comillas dobles,,,,,,,,,,,,,,,,,,,,,
comma,,,,,,,,,,,,,,,,,逗号,,,,,,,,,,,,,,,,,,,,,,,,,,,,,,,,,,,,,,,,,,,,,,,,,,,,,,,,,,,,coma,,,,,,,,,,,,,,,,,,,,,
field name,,,,,,,,,,,,,,,,,字段名（称）,,,,,,,,,,,,,,,,,,,,,,,,,,,,,,,,,,,,,,,,,,,,,,,,,,,,,,,,,,,,nombre del campo,,,,,,,,,,,,,,,,,,,,,
field-name,,,,,,,,,,,,,,,,,字段名（称）,,,,,,,,,,,,,,,,,,,,,,,,,,,,,,,,,,,,,,,,,,,,,,,,,,,,,,,,,,,,nombre del campo,,,,,,,,,,,,,,,,,,,,,
key,,,,,,,,,,,,,,,,,键/密钥,,,,,,,,,,,,Taste,,,,,,,,,,,,,,,,,,,,,,,,,,,,,,,,,,,,,,,,,,,,,,,,clave,,,,,,,,,,,,ключі доступу,,,,,,,,,
publish,,,,,,,,,,,,,,,,,发布,,,,,,,,,,,,,,,,,,,,,,,,,,,,,,,,,,,,,,,,,,,,,,,,,,,,,,,,,,,,publicar,,,,,,,,,,,,,,,,,,,,,
npm,,,,,,,,,,,,,,,,,不翻译,,,,,,,,,,,,,,,,,,,,,,,,,,,,,,,,,,,,,,,,,,,,,,,,,,,,,,,,,,,,npm,,,,,,,,,,,,,,,,,,,,,
sell idea,,,,,,,,,,,,,,,,,出主意,,,,,,,,,,,,,,,,,,,,,,,,,,,,,,,,,,,,,,,,,,,,,,,,,,,,,,,,,,,,,,,,,,,,,,,,,,,,,,,,,
developer,,NOUN,,,,,,,,,,,,,,,开发者,,,,,,,,,,,,Entwickler,,,,,,,,,,,,,,,,,,,,,,,,,,,,,,,,,,,,,,,,,,,,,,,,desarrollador,,,,,,,,,,,,розробник,,,,,,,,,
Keywords,,NOUN,,,,,,,,,,,,,,,关键字,,,,,,,,,,,,,Schlüsselwörter,,,,,,,,,,,,,,,,,,,,,,,,,,,,,,,,,,,,,,,,,,,,,,,palabras claves,,,,,,,,,,,,,,,,,,,,,
License,,,,,,,,,,,,,,,,,许可证/协议,,,,,,,,,,,,,,,,,,,,,,,,,,,,,,,,,,,,,,,,,,,,,,,,,,,,,,,,,,,,Licencia,,,,,,,,,,,,,,,,,,,,,
open source,,,,,,,,,,,,,,,,,开源,,,,,,,,,,,,,,,,,,,,,,,,,,,,,,,,,,,,,,,,,,,,,,,,,,,,,,,,,,,,código abierto,,,,,,,,,,,,,,,,,,,,,
copyright laws,,,,,,,,,,,,,,,,,版权法,,,,,,,,,,,,,,,,,,,,,,,,,,,,,,,,,,,,,,,,,,,,,,,,,,,,,,,,,,,,leyes de derechos de autor,,,,,,,,,,,,,,,,,,,,,
ownership,,,,,,,,,,,,,,,,,所有权,,,,,,,,,,,,,,,,,,,,,,,,,,,,,,,,,,,,,,,,,,,,,,,,,,,,,,,,,,,,propiedad,,,,,,,,,,,,,,,,,,,,,
version,,,,,,,,,,,,,,,,,版本号/版本,,,,,,,,,,,,,,,,,,,,,,,,,,,,,,,,,,,,,,,,,,,,,,,,,,,,,,,,,,,,versión,,,,,,,,,,,,,,,,,,,,,
dependency,,,,,,,,,,,,,,,,,依赖项,,,,,,,,,,,,,,,,,,,,,,,,,,,,,,,,,,,,,,,,,,,,,,,,,,,,,,,,,,,,dependencia,,,,,,,,,,,,,,,,,,,,,
store,,NOUN,,,,,,,,সংরক্ষণ,,,,,,,存储,,,,,,,,,,,,,,,,,,,,,,,,,,,,,,,,,,,,,,,,,,,,,,,,,,,,,,,,,,,,almacenar,,,,,,,,,,,,сховище сховище пам'яті ,,,,,,,,,
Semantic Versioning,,,,,,,,,,,,,,,,,语义化版本,,,,,,,,,,,,,,,,,,,,,,,,,,,,,,,,,,,,,,,,,,,,,,,,,,,,,,,,,,,,versión semántica,,,,,,,,,,,,,,,,,,,,,
MAJOR,,,,,,,,,,,,,,,,,主版本号,,,,,,,,,,,,,,,,,,,,,,,,,,,,,,,,,,,,,,,,,,,,,,,,,,,,,,,,,,,,principal,,,,,,,,,,,,,,,,,,,,,
MINOR,,,,,,,,,,,,,,,,,版本号,,,,,,,,,,,,,,,,,,,,,,,,,,,,,,,,,,,,,,,,,,,,,,,,,,,,,,,,,,,,monor,,,,,,,,,,,,,,,,,,,,,
PATCH,,,,,,,,,,,,,,,,,修订号,,,,,,,,,,,,,,,,,,,,,,,,,,,,,,,,,,,,,,,,,,,,,,,,,,,,,,,,,,,,,,,,,,,,,,,,,,,,,,,,,
bug,,,,,,,,,,,,,,,,,不翻译,,,,,,,,,,,,,,,,,,,,,,,,,,,,,,,,,,,,,,,,,,,,,,,,,,,,,,,,,,,,error,,,,,,,,,,,,,,,,,,,,,
Tilde-Character,,,,,,,,,,,,,,,,,波浪号,,,,,,,,,,,,,,,,,,,,,,,,,,,,,,,,,,,,,,,,,,,,,,,,,,,,,,,,,,,,,,,,,,,,,,,,,,,,,,,,,
patch,,,,,,,,,,,,,,,,,补丁,,,,,,,,,,,,,,,,,,,,,,,,,,,,,,,,,,,,,,,,,,,,,,,,,,,,,,,,,,,,,,,,,,,,,,,,,,,,,,,,,
compatible,,,,,,,,,,,,,,,,,兼容,,,,,,,,,,,,,,,,,,,,,,,,,,,,,,,,,,,,,,,,,,,,,,,,,,,,,,,,,,,,,,,,,,,,,,,,,,,,,,,,,
prefix,,,,,,,,,,,,,,,,,前缀,,,,,,,,,,,,,,,,,,,,,,,,,,,,,,,,,,,,,,,,,,,,,,,,,,,,,,,,,,,,prefijo,,,,,,,,,,,,,,,,,,,,,
caret,,NOUN,,,,,,,,,,,,,,,脱字符,,,,,,,,,,,,,,,,,,,,,,,,,,,,,,,,,,,,,,,,,,,,,,,,,,,,,,,,,,,,caret,,,,,,,,,,,,карет,Карет (англ. caret) ^ — символ набора ASCII с кодом 5E16.,,,,,,,,
console,,NOUN,,,,,,,,,,,,,,,控制台,,,,,,,,,,,,,,,,,,,,,,,,,,,,,,,console,,,,,,,,,,,,,,,,,,,,,,,,,,,,,consola,,,,,,,,,,,,консоль,Консо́ль (англ. console) — пристрій який забезпечує взаємодію оператора комп'ютера з операційною системою. ,,,,,,,,
client,,,,,,,,,,,,,,,,,客户端,,,,,,,,,,,,,,,,,,,,,,,,,,,,,,,,,,,,,,,,,,,,,,,,,,,,,,,,,,,,cliente,,,,,,,,,,,,,,,,,,,,,
terminal,,,,,,,,,,,,,,,,,终端,,,,,,,,,,,,,,,,,,,,,,,,,,,,,,,,,,,,,,,,,,,,,,,,,,,,,,,,,,,,terminal,,,,,,,,,,,,,,,,,,,,,
method,,NOUN,,,,,,,,,,,,,,,方法,,,,,,,,,,,,,,,,,,,,,,,,,,,,,,,,,,,,,,,,,,,,,,,,método,,,,,метод,,,,,,,método,,,,,,,,,,,,,,,,,,,,,
server,,,,,,,,,,,,,,,,,服务器,,,,,,,,,,,,,,,,,,,,,,,,,,,,,,,,,,,,,,,,,,,,,,,,,,,,,,,,,,,,servidor,,,,,,,,,,,,,,,,,,,,,
port,,,,,,,,,,,,,,,,,端口,,,,,,,,,,,,,,,,,,,,,,,,,,,,,,,,,,,,,,,,,,,,,,,,,,,,,,,,,,,,,,,,,,,,,,,,,,,,,,,,,
call,,NOUN,,,,,,,,,,,,,,,调用,,,,,,,,,,,,,,,,,,,,,,,,,,,,,,,,,,,,,,,,,,,,,,,,,,,,,,,,,,,,llamada,,,,,,,,,,,,виклик,,,,,,,,,
Express,,,,,,,,,,,,,,,,,不翻译,,,,,,,,,,,,,,,,,,,,,,,,,,,,,,,,,,,,,,,,,,,,,,,,,,,,,,,,,,,,Express,,,,,,,,,,,,,,,,,,,,,
request,,,,,,,,,,,,,,,,,请求,,,,,,,,,,,,,,,,,,,,,,,,,,,,,,,,,,,,,,,,,,,,,,,,,,,,,,,,,,,,request,,,,,,,,,,,,,,,,,,,,,
response,,,,,,,,,,,,,,,,,响应,,,,,,,,,,,,,,,,,,,,,,,,,,,,,,,,,,,,,,,,,,,,,,,,,,,,,,,,,,,,response,,,,,,,,,,,,,,,,,,,,,
Header,,,,,,,,,শিরোনাম,,,,,,,,消息头,,,,,,,,,,,,,,,,,,,,,,,,,,,,,,,,,,,,,,,,,,,,,,,,,,,,,,,,,,,,encabezado,encabezado / <header> (etiqueta de HTML),,,,,,,,,,,,,,,,,,,,
REST,,,,,,,,,,,,,,,,,具象状态传输,,,,,,,,,,,,,,,,,,,,,,,,,,,,,,,,,,,,,,,,,,,,,,,,,,,,,,,,,,,,REST,,,,,,,,,,,,,,,,,,,,,
Representational State Transfer,,,,,,,,,,,,,,,,,具象状态传输,,,,,,,,,,,,,,,,,,,,,,,,,,,,,,,,,,,,,,,,,,,,,,,,,,,,,,,,,,,,,,,,,,,,,,,,,,,,,,,,,
verb,,,,,,,,,,,,,,,,,动词,,,,,,,,,,,,,,,,,,,,,,,,,,,,,,,,,,,,,,,,,,,,,,,,,,,,,,,,,,,,,,,,,,,,,,,,,,,,,,,,,
request-response loop,,,,,,,,,,,,,,,,,请求响应循环,,,,,,,,,,,,,,,,,,,,,,,,,,,,,,,,,,,,,,,,,,,,,,,,,,,,,,,,,,,,bucle de solicitud-respuesta,,,,,,,,,,,,,,,,,,,,,
environment variable,,,,,,,,,,,,,,,,,环境变量,,,,,,,,,,,,,,,,,,,,,,,,,,,,,,,,,,,,,,,,,,,,,,,,,,,,,переменные окружения,,,,,,,variable de entorno,,,,,,,,,,,,,,,,,,,,,
database,,,,,,,,,,,,,,,,,数据库,,,,,,,,,,,,,,,,,,,,,,,,,,,,,,,,,,,,,,,,,,,,,,,,,,,,,,,,,,,,Base de datos,,,,,,,,,,,,,,,,,,,,,
global,,,,,,,,,,,,,,,,,全局,,,,,,,,,,,,,,,,,,,,,,,,,,,,,,,,,,,,,,,,,,,,,,,,,,,,,,,,,,,,global,,,,,,,,,,,,,,,,,,,,,
underscore,,,,,,,,,,,,,,,,,下划线,,,,,,,,,,,,,,,,,,,,,,,,,,,,,,,,,,,,,,,,,,,,,,,,,,,,,,,,,,,,subrayar,,,,,,,,,,,,,,,,,,,,,
Middleware,,,,,,,,,,,,,,,,,中间件,,,,,,,,,,,,,,,,,,,,,,,,,,,,,,,,,,,,,,,,,,,,,,,,,,,,,,,,,,,,,,,,,,,,,,,,Підпрограмне забезпечення,шар програмного забезпечення що складається з агентів які є посередниками між різними компонентами великого застосунка.,,,,,,,,
validation,,,,,,,,,,,,,,,,,验证,,,,,,,,,,,,,,,,,,,,,,,,,,,,,,,,,,,,,,,,,,,,,,,,,,,,,,,,,,,,validación,,,,,,,,,,,,,,,,,,,,,
slashes,,,,,,,,,,,,,,,,,斜杠,,,,,,,,,,,,,,,,,,,,,,,,,,,,,,,,,,,,,,,,,,,,,,,,,,,,,,,,,,,,,,,,,,,,,,,,,,,,,,,,,
payload,,,,,,,,,,,,,,,,,负载,,,,,,,,,,,,,,,,,,,,,,,,,,,,,,,,,,,,,,,,,,,,,,,,,,,,,,,,,,,,,,,,,,,,,,,,,,,,,,,,,
frontpage,,,,,,,,,,,,,,,,,首页,,,,,,,,,,,,,,,,,,,,,,,,,,,,,,,,,,,,,,,,,,,,,,,,,,,,,,,,,,,,portada,,,,,,,,,,,,,,,,,,,,,
form,,,,,,,,,,,,,,,,,表单,,,,,,,,,,,,,,,,,,,,,,,,,,,,,,,,,,,,,,,,,,,,,,,,,,,,,Веб-формы являются одним из основных элементов взаимодействия между пользователем и сайтом или приложением. Формы позволяют пользователю ввести данные которые затем отправляются на сервер для их дальнейшей обработки и хранения или используются на стороне клиента для обновления интерфейса (например добавление нового элемента в список или открытие и закрытие элемента интерфейса).,,,,,,,formulario,,,,,,,,,,,,форма,,,,,,,,,
External Packages,,,,,,,,,,,,,,,,,外部包,,,,,,,,,,,,,,,,,,,,,,,,,,,,,,,,,,,,,,,,,,,,,,,,,,,,,,,,,,,,páginas externas,,,,,,,,,,,,,,,,,,,,,
dependency management,,,,,,,,,,,,,,,,,依赖管理,,,,,,,,,,,,,,,,,,,,,,,,,,,,,,,,,,,,,,,,,,,,,,,,,,,,,,,,,,,,gestión de dependencias,,,,,,,,,,,,,,,,,,,,,
freeze dependencies,,,,,,,,,,,,,,,,,锁定版本,,,,,,,,,,,,,,,,,,,,,,,,,,,,,,,,,,,,,,,,,,,,,,,,,,,,,,,,,,,,,,,,,,,,,,,,,,,,,,,,,
property,quality or attribute of smth,NOUN,,,,,,,,,,,,,,,属性,,,,,,,,,,,,,,,,,,,,,,,,,,,,,,proprietà,,,,,,,,,,,,,,,,,,,,,,свойство,,,,,,,,propiedad,,,,,,,,,,özellik,,властивість,,,,,,,,,
backquote,,,,,,,,,,,,,,,,,重音号,,,,,,,,,,,,,,,,,,,,,,,,,,,,,,,,,,,,,,,,,,,,,,,,,,,,,,,,,,,,,,,,,,,,,,,,,,,,,,,,,
grave accent,,,,,,,,,,,,,,,,,重音号,,,,,,,,,,,,,,,,,,,,,,,,,,,,,,,,,,,,,,,,,,,,,,,,,,,,,,,,,,,,acento grave,,,,,,,,,,,,,,,,,,,,,
multi-threading,,,,,,,,,,,,,,,,,多线程,,,,,,,,,,,,,,,,,,,,,,,,,,,,,,,,,,,,,,,,,,,,,,,,,,,,,,,,,,,,,,,,,,,,,,,,,,,,,,,,,
focus,,,,,,,,,,,,,,,,,聚焦,用 Tab 键选中的元素或通过鼠标指针点击选中的输入框、按钮等,,,,,,,,,,,,,,,,,,,,,,,,,,,,,,,,,,,,,,,,,,,,,,,,,,,,,,,,,,,enfocarse,,,,,,,,,,,,,,,,,,,,,
web fonts,,,,,,,,,,,,,,,,,web 字体,网页中加载的字体,,,,,,,,,,,Web Schriftarten,,,,,,,,,,,,,,,,,,web fonts,,,,,,,,,,,,,,,,,,,,,,,,,,,,,,funtes web,,,,,,,,,,,,,,,,,,,,,
font family,,,,,,,,,,,,,,,,,字体族名,,,,,,,,,,,,,,,,,,,,,,,,,,,,,,,,,,,,,,,,,,,,,,,,,,,,,семейство шрифтов,,,,,,,familia tipográfica,,,,,,,,,,,,,,,,,,,,,
viewport,,,,,,,,,,,,,,,,,视口,展示在浏览器窗口中的网页,,,,,,,,,,,,,,,,,,,,,,,,,,,,,viewport,,,,,,,,,,,,,,,,,,,,,,,область просмотра,,,,,,,vista,,,,,,,,,,,,,,,,,,,,,
form widget,,,,,,,,,,,,,,,,,表单部件,,,,,,,,,,,,,,,,,,,,,,,,,,,,,,,,,,,,,,,,,,,,,,,,,,,,,,,,,,,,,,,,,,,,,,,,,,,,,,,,,
closing tag,,NOUN,,,,,,,সমাপনী বন্ধনী,,,,,,,,结束标签,,,,,,,,,,,,,,,,,,,,,,,,,,,,,,,,終了タグ,,,,,,,,,,,,,,,,,,,,закрывающий тег,,,,,,,,etiqueta de cierre,,,,,,,,,,kapanış etiketi,,кінцевий теґ,,,,,,,,,
item,,,,,,,,,,,,,,,,,元素,数组中的“项目”即为元素,,,,,,,,,élément,,,,,,,,,,,,,,,,,,,,elemento,,,,,,,,,,,,,,,,,,,,,,,,,,,,,,elemento,,,,,,,,,,öge,,,,,,,,,,,
bracket notation,,DET,,,,,,,,,,,,,,,方括号表示法,用于访问对象属性,,,,,,,,,notation entre crochet,,,,,,,,,,,,,,,,,,,,,,,,,,,,,,,,,,,,,,,,,,,квадратные скобки,,,,,,,notación de corchetes,,,,,,,,,,,,дужкова нотація,,,,,,,,,
spread syntax,,,,,,,,,,,,,,,,,展开语法,,,,,,,,,,,,,,,,,,,,,,,,,,,,,,,,,,,,,,,,,,,,,,,,,,,,,,,,,,,,sintaxis de propagación,,,,,,,,,,,,,,,,,,,,,
spread operator,,,,,,,,,,,,,,,,,展开操作符,,,,,,,,,,,,,,,,,,,,,,,,,,,,,,,,,,,,,,,,,,,,,,,,,,,,,,,,,,,,operador de propagación,,,,,,,,,,,,,,,,,,,,,
asset,,NOUN,,,,,,,,,,,,,,,,,,,,,,,,,,,,,,,,,,,,,,,,,,,,,,,,,,,,,,,,,,,,,,,,,,,ресурс,составная часть сайта: текстовые файлы графика видео базы данных и др. В узком смысле «статический ресурс»: стили скрипты оформительская графика в противоположность динамическому содержимому,,,,,,,recursos,,,,,,,,,,,,,,,,,,,,,
breakpoint,,,,,,,,,,,,,,,,,,,,,,,,,,,,,,,,,,,,,,,,,,,,,,,,,,,,,,,,,,,,,,,,,,,,,,,,,,,,,interrupción,,,,,,,,,,,,,,,,,,,,,
buffer,,,,,,,,,,,,,,,,,,,,,,,,,,,,,,,,,,,,,,,,,,,,,,,,,,,,,,,,,,,,,,,,,,,,,,,,,,,,,búfer,,,,,,,,,,,,,,,,,,,,,
built-in,,,,,,,,,,,,,,,,,,,,,,,,,,,,,,,,,,,,,,,,,,,,,,,,,,,,,,,,,,,,,,,,,,,,,,,,,,,,,incorporado,,,,,,,,,,,,,,,,,,,,,
caption,,NOUN,,,,,,,ক্যাপশন,,,,,,,,,,,,,,,,,,,,,,,,,,,,,,,,,,,,,,sottotitolo,,キャプション / 字幕 / 説明文,文脈によっては「字幕」「説明文」とした方が分かりやすそうですが、特にアクセシビリティの分野では、キャプションと字幕は厳密には異なるようなので、必要に応じて使い分けてください。,,,,,,,,,,,,,,,,,,,,,,,,,,,leyenda/epígrafe,General HTML,,,,,,,,,başlık,,,,,,,,,,,
chart,,,,,,,,,,,,,,,,,,,,,,,,,,,,,,,,,,,,,,,,,,,,,,,,,,,,,,,,,,,,,,,,,,,,,,,,,,,,,gráfico,,,,,,,,,,grafik,,,,,,,,,,,
checkbox,,NOUN,,,,,,,,,,,,,,,,,,,,,,,,,,,,,,,,,,,,,,,,,,,,,,,,,,,,,,,,,,,,,,,,,,,,по русски значит флажок,,,,,,,casilla de verificación,,,,,,,,,,,,,,,,,,,,,
click,,,,,,,,,,,,,,,,,,,,,,,,,,,,,,,,,,,,,,,,,,,,,,,,,,,,,,,,,,,,,,,,,,,,,,,,,,,,,clic,,,,,,,,,,,,,,,,,,,,,
closure,,,,,,,,,,,,,,,,,,,,,,,,,,,,,,,,,,,,,,,,,,,,,,,,,,,,,,,,,,,,,,,,,,,,,,,,,,,,,cláusula,,,,,,,,,,,,,,,,,,,,,
code snippet,snippet - a small piece or brief extract,NOUN,,,,,,,,,,,,,,,,,,,,,,,,,,,,,,,,,,,,,,,,,,,,,,,,,,,,,,,,,,,,,,,,,,,,,,,,,,,fragmento de código ,,,,,,,,,,,,фрагмент коду,,,,,,,,,
cross axis,,NOUN,,,,,,,,,,,,,,,,,,,,,,,,,,,,,,,,,,,,,,,,,,,,,,,交差軸,CSS のフレックスアイテムの配置を説明する時,,,,,,,,,,,,,,,,,,,,,,,,,,,eje transversal,,,,,,,,,,,,,,,,,,,,,
curly braces,,,,,,,,,,,,,,,,,,,,,,,,,,,,,,,,,,,,,,,,,,,,,,,,,,,,,,,,,,,,,,,,,,,,,,,,,,,,,llaves,,,,,,,,,,,,фігурні дужки,,,,,,,,,
debug,,,,,,,,,,,,,,,,,,,,,,,,,,,,,,,,,,,,,,,,,,,,,,,,,,,,,,,,,,,,,,,,,,,,,,,,,,,,,depurar,,,,,,,,,,,,,,,,,,,,,
debugging,,,,,,,,,,,,,,,,,,,,,,,,,,,,,,,,,,,,,,,,,,,,,,,,,,,,,,,,,,,,,,,,,,,,,,,,,,,,,depuración,,,,,,,,,,,,,,,,,,,,,
devtools,,,,,,,,,,,,,,,,,,,,,,,,,,,,,,,,,,,,,,,,,,,,,,,,,,,,,,,,,,,,,,,,,,,,,,,,,,,,,herramientas del desarrollador,,,,,,,,,,,,,,,,,,,,,
dot notation,,,,,,,,,,,,,,,,,,,,,,,,,,,,,,,,,,,,,,,,,,,,,,,,,,,,,,,,,,,,,,,,,,,,,,,,,,,,,notación de puntos,,,,,,,,,,,,,,,,,,,,,
embed,,,,,,,,,,,,,,,,,,,,,,,,,,,,,,,,,,,,,,,,,,,,,,,,,,,,,,,,,,,,,,,,,,,,,,,,,,,,,insertar,,,,,,,,,,,,,,جُرنا,,,,,,,
equality operator,,,,,,,,,,,,,,,,,,,,,,,,,,,,,,,,,,,,,,,,,,,,,,,operatore di uguaglianza,,,,,,,,,,,,,,,,,,,,,,,,,,,,,,operador de igualdad,,,,,,,,,,,,оператор рівності,,,,,,,,,
figure,,,,,,,,,,,,,,,,,,,,,,,,,,,,,,,,,,,,,,,,,,,,,,,,,,,,,,,,,,,,,,,,,,,,,,,,,,,,,figura,,,,,,,,,,,,,,,,,,,,,
font degradation,,,,,,,,,,,,,,,,,,,,,,,,,,,,,,,,,,,,,,,,,,,,,,,,,,,,,,,,,,,,,,,,,,,,,,,,,,,,,degradación de fuentes,,,,,,,,,,,,,,,,,,,,,
footer,,NOUN,,,,,,,,,,,,,,,,,,,,,,,,,,,,,,,,,,,,,,,,,,,,,,,フッター,HTML の <footer> 要素を指すとき,,,,,,,,,,,,,,,,,,,,,,,,,,,pie de página,,,,,,,,,,,,,,,,,,,,,
graceful degradation,,,,,,,,,,,,,,,,,,,,,,,,,,,,,,,,,,,,,,,,,,,,,,,,,,,,,,,,,,,,,,,,,,,,,,,,,,,,,degradación elegante,,,,,,,,,,,,,,,,,,,,,
grid,,NOUN,,,,,,,,গ্রিড,,,,,,,,,,,,,,,,,,,,,,,,,,,,,,,,,,,,,griglia,,,,,,,,,,,,,,,,,,,,,,,,,,,,,,cuadrícula,,,,,,,,,,,,сітка,,,,,,,,,
gutter,,,,,,,,,,,,,,,,,,,,,,,,,,,,,,,,,,,,,,,,,,,,,,,,,,,,,,,,,,,,,,,,,,,,,,,,,,,,,canal,,,,,,,,,,,,,,,,,,,,,
headings,,,,,,,,,,,,,,,,,,,,,,,,,,,,,,,,,,,,,,,,,,,,,,,,,,,,,,,,,,,,,,,,,,,,,,,,,,,,,títulos,,,,,,,,,,,,,,,,,,,,,
host,,,,,,,,,,,,,,,,,,,,,,,,,,,,,,,,,,,,,,,,,,,,,,,,,,,,,,,,,,,,,,,,,,,,,,,,,,,,,alojar,,,,,,,,,,,,,,,,,,,,,
hosting,,,,,,,,,,,,,,,,,,,,,,,,,,,,,,,,,,,,,,,,,,,,,,,,,,,,,,,,,,,,,,,,,,,,,,,,,,,,,alojamiento,,,,,,,,,,,,,,,,,,,,,
hue,,NOUN,,,,,,,,,,,,,,,,,,,,,,,,,,,,,,,,,,,,,,,,,,,,,,,,,,,,,,,,,,,,,,,,,,,цветовой тон,,,,,,,,tono,,,,,,,,,,,,,,,,,,,,,
if statement,,,,,,,,,,,,,,,,,,,,,,,,,,,,,,,,,,,,,,,,,,,,,,,,,,,,,,,,,,,,,,,,,,,,,,,,,,,,,sentencia if,,,,,,,,,,,,,,,,,,,,,
keyframes,,,,,,,,,,,,,,,,,,,,,,,,,,,,,,,,,,,,,,,,,,,,,,,,,,,,,,,,,,,,,,,,,,,,,,,,,,,,,fotogramas clave,,,,,,,,,,,,,,,,,,,,,
link,,NOUN,,,,,,,লিংক,,,,,,enllaç,,,,,,,,,,,,,,,,,,,,,,,,,,,,,,,,,,,,,,,,,,,,,,,,,,,,,,,ссылка,,,,,,,enlace,,,,,,,,,,bağlantı,,посилання,,ملانا,,,,,,,
logical operators,,,,,,,,,,,,,,,,,,,,,,,,,,,,,,,,,,,,,,,,,,,,,,,,,,,,,,,,,,,,,,,,,,,,,,,,,,,,,operadores lógicos ,,,,,,,,,,,,,,,,,,,,,
loop,,NOUN,,,,,,,,,,,,,,,,,,,,,,,,,,,,,,,,,,,,,,,,,,,,,,,,,,,,,,,,,,,,,,,,,,,,,,,,,,,bucle,,,,,,,,,,,,цикл,,,,,,,,,
map,,,,,,,,,,,,,,,,,映射,,,,,,,,,,,,,,,,,,,,,,,,,,,,,,,,,,,,,,,,,,,,,,,,,,,,,,,,,,,,asignar,,,,,,,,,,,,,,,,,,,,,
markup,,,,,,,,,,,,,,,,,,,,,,,,,,,,,,,,,,,,,,,,,,,,,,,,,,,,,,,,,,,,,,,,,,,,,,,,,,,,,código ,,,,,,,,,,biçimlendirme,,,,,,,,,,,
markup language,,,,,,,,,,,,,,,,,,,,,,,,,,,,,,,,,,,,,,,,,,,,,,,,,,,,,,,,,,,,,,,,,,,,,,,,,,,,,lenguaje de marcado,,,,,,,,,,,,,,,,,,,,,
merge,,,,,,,,,,,,,,,,,,,,,,,,,,,,,,,,,,,,,,,,,,,,,,,,,,,,,,,,,,,,,,,,,,,,,,,,,,,,,fusionar,,,,,,,,,,,,,,,,,,,,,
nested objects,,,,,,,,,,,,,,,,,,,,,,,,,,,,,,,,,,,,,,,,,,,,,,,,,,,,,,,,,,,,,,,,,,,,,,,,,,,,,objetos anidados,,,,,,,,,,,,,,,,,,,,,
offset,,VERB,,,,,,,,,,,,,,,,,,,,,,,,,,,,,,,,,,,,,,,,,,,,,,,,,,,,,,,,,,,,,,,,,,,,,,,,,,,desplazamiento,,,,,,,,,,,,компенсувати,,,,,,,,,
placeholder text,"The placeholder attribute specifies a short hint that describes the expected value of an input field (e.g. a sample value or a short description of the expected format). The short hint is displayed in the input field before the user enters a value.",,,,,,,,,,,,,,,,,,,,,,,,,,,,,,,,,,,,,,,,,,,,,,,,,,,,,,,,,,,,,,,,,,,,текст-заполнитель,,,,,,,,texto provisional,,,,,,,,,,,,заповнювач (плейсхолдер),,,,,,,,,
portfolio,,,,,,,,,,,,,,,,,,,,,,,,,,,,,,,,,,,,,,,,,,,,,,,,,,,,,,,,,,,,,,,,,,,,,,,,,,,,,portafolio,,,,,,,,,,,,,,,,,,,,,
proofread,,,,,,,,,,,,,,,,,,,,,,,,,,,,,,,,,,,,,,,,,,,,,,,,,,,,,,,,,,,,,,,,,,,,,,,,,,,,,revisar,,,,,,,,,,,,,,,,,,,,,
proofreaders,,,,,,,,,,,,,,,,,,,,,,,,,,,,,,,,,,,,,,,,,,,,,,,,,,,,,,,,,,,,,,,,,,,,,,,,,,,,,equipo de revisión ,,,,,,,,,,,,,,,,,,,,,
reserved word,,,,,,,,,,,,,,,,,,,,,,,,,,,,,,,,,,,,,,,,,,,,,,,,,,,,,,,,,,,,,,,,,,,,,,,,,,,,,palabra reservada,,,,,,,,,,,,,,,,,,,,,
responsive design,,,,,,,,,,,,,,,,,,,,,,,,,,,,,,,,,,,,,,,,,,,,,,,,,,,,,,,,,,,,,,,,,,,,,,,,,,,,,diseño responsivo,,,,,,,,,,,,,,,,,,,,,
router,,,,,,,,,,,,,,,,,,,,,,,,,,,,,,,,,,,,,,,,,,,,,,,,,,,,,,,,,,,,,,,,,,,,,,,,,,,,,enrutador,,,,,,,,,,,,,,,,,,,,,
scope,ambito di applicazione,,,,,,,,,,,,,,,,,,,,,,,,,,,,,,,,,,,,,,,,,,,,,,,,,,,,,,,,,,,,,,,,,,,,,,,,,,,,ambito,,,,,,,,,,,,,,,,,,,,,
shorthand property,,NOUN,,,,,,,,,,,,,,,,,,,,,,,,,,,,,,,,,,,,,,,,,,,,,,,一括指定プロパティ,「flex: 1 0 10px;」のように、CSSで複数のプロパティを一括指定する記法を指す,,,,,,,,,,,,,,,,,,,,,,,,,,,propiedad abreviada,,,,,,,,,,,,,,,,,,,,,
single quotes,,,,,,,,,,,,,,,,,,,,,,,,,,,,,,,,,,,,,,,,,,,,,,,,,,,,,,,,,,,,,,,,,,,,,,,,,,,,,comillas simples,,,,,,,,,,,,,,,,,,,,,
split,,,,,,,,,,,,,,,,,,,,,,,,,,,,,,,,,,,,,,,,,,,,,,,,,,,,,,,,,,,,,,,,,,,,,,,,,,,,,division/dividir,,,,,,,,,,,,,,,,,,,,,
string,A list of characters ,NOUN,,,,,,,,,,,,,,,,,,,,,,,,,chaîne de caractères,,,,,,,,,,,,,,,,,,,,,,,,,,,,,,,,رشته,لیستی از کاراکتر ها,,,,,,,,,,,,,,,,,cadena,,,,,,,,,,,,рядковий тип,,,,,,,,,
submit,,,,,,,,,,,,,,,,,,,,,,,,,,,,,,,,,,,,,,,,,,,,,,,,,,,,,,,,,,,,,,,,,,,,,,,,,,,,,enviar,,,,,,,,,,,,,,,,,,,,,
tag,,NOUN,,,,,,,,,,,,,,,,,,,,,,,,,,,Tag,,,,,,,,,,,,,,,,,,,,,,,,,,,,,,تگ,,,,,,,,,,,тег,,,,,,,etiqueta,,,,,,,,,,etiket,,теґ,,ٹیگ,,,,,,,
tuple,,,,,,,,,,,,,,,,,,,,,,,,,,,,,,,,,,,,,,,,,,,,,,,,,,,,,,,,,,,,,,,,,,,,,,,,,,,,,tupla,,,,,,,,,,,,,,,,,,,,,
Yay!,,,,,,,,,,,,,,,,,,,,,,,,,,,,,,,,,,,,,,,,,,,,,,,,,,,,,,,,,,,,,,,,,,,,,,,,,,,,,¡Excelente!,,,,,,,,,,,,,,,,,,,,,
build,,,,,,,,,,,,,,,,,,,,,,,,,,,,,,,,,,,,,,,,,,,,,,,,,,,,,,,,,,,,,,,,,,,,,,,,,,,,,compilación,,,,,,,,,,,,,,,,,,,,,
switch statement,,,,,,,,,,,,,,,,,,,,,,,,,,,,,,,,,,,,,,,,,,,,,,,istruzione switch,,,,,,,,,,,,,,,,,,,,,,,,,,,,,,declaración switch,,,,,,,,,,,,,,,,,,,,,
clickable,,,,,,,,,,,,,,,,,,,,,,,,,,,,,,,,,,,,,,,,,,,,,,,,,,,,,,,,,,,,,,,,,,,,,,,,,,,,,cliqueable,,,,,,,,,,,,,,,,,,,,,
own properties,,,,,,,,,,,,,,,,,,,,,,,,,,,,,,,,,,,,,,,,,,,,,,,,,,,,,,,,,,,,,,,,,,,,,,,,,,,,,propiedades directas,,,,,,,,,,,,,,,,,,,,,
color wheel,,NOUN,,,,,,,,,,,,,,,,,,,,,,,,,,,Farbkreis,,,,,,,,,,,,,,,,,,ruota dei colori,,カラーホイール,,,,,,,,,,,,,,,,,,,,,,,,,,,,,,,,,,,,,,,,,,,,,,,,,
Padding,,,,,,,,,,,,,,,,,,,,,,,,,,,,,Innenabstand,,,,,,,,,,,,,,,,,,,,,,,,,,,,,,,,,,,,,,,,,,,,,,,,,,,,,,,,,,,,,,,,,,,,,
typecast,,,,,,,,,,,,,,,,,,,,,,,,,,,,,,,,,,,,,,,,,,,,,,,conversione di tipo,,,,,,,,,,,,,,,,,,,,,,,,,,,,,,,,,,,,,,,,,,,,,,,,,,,
pseudocode,,,,,,,,,,,,,,,,,,,,,,,,,,,,,,,,,,,,,,,,,,,,,,,pseudocodice,,,,,,,,,,,,,,,,,,,,,,,,,,,,,,,,,,,,,,,,,,,,,,,,,,,
Type Coercion,,,,,,,,,,,,,,,,,,,,,,,,,,,,,,,,,,,,,,,,,,,,,,,conversione implicita,,,,,,,,,,,,,,,,,,,,,,,,,,,,,,,,,,,,,,,,,,Перетворення Типів,,,,,,,,,
Greater Than Operator,,NOUN,,,,,,,,,,,,,,,,,,,,,,,,,,,,,,,,,,,,,,,,,,,,,operatore di maggioranza,,,,,,,,,,,,,,,,,,,,,,,,,,,,,,,,,,,,,,,,,,оператор «більше ніж»,,,,,,,,,
throw,genera,,,,,,,,,,,,,,,,,,,,,,,,,,,,,,,,,,,,,,,,,,,,,,,,,,,,,,,,,,,,,,,,,,,,,,,,,,,,,,,,,,,,,,,,,,,,,,,,,
output,,,,,,,,,,,,,,,,,,,,,,,,,,,,,,,,,,,,,,,,,,,,,,,output,,,,,,,,,,,,,,,,,,,,,,,,,,,,,,,,,,,,,,,,,,,,,,,,,,,
popped,,,,,,,,,,,,,,,,,,,,,,,,,,,,,,,,,,,,,,,,,,,,,,,estratto,,,,,,,,,,,,,,,,,,,,,,,,,,,,,,,,,,,,,,,,,,виведення,,,,,,,,,
entries,,,,,,,,,,,,,,,,,,,,,,,,,,,,,,,,,,,,,,,,,,,,,,,elementi,,,,,,,,,,,,,,,,,,,,,,,,,,,,,,,,,,,,,,,,,,,,,,,,,,,
Radix,,NOUN,,,,,,,,,,,,,,,,,,,,,,,,,,,,,,,,,,,,,,,,,,,,,base,,,,,,,,,,,,,,,,,,,,,,основание,основание системы счисления,,,,,,,,,,,,,,,,,,,,,,,,,,,,
meaning,,,,,,,,,,,,,,,,,,,,,,,,,,,,,,,,,,,,,,,,,,,,,,,significato,,,,,,,,,,,,,,,,,,,,,,,,,,,,,,,,,,,,,,,,,,,,مطلب,,,,,,,
box,,,,,,,,,,,,,,,,,,,,,,,,,,,,,,,,,,,,,,,,,,,,,,,riquadro,,,,,,,,,,,,,,,,,,,,,,,,,,,,,,,,,,,,,,,,,,,,,,,,,,,
Cyan,,ADJ,,,,,,,,,,,,,,,,,,,,,,,,,,,,Cyan,,,,,,,,,,,,,,,,,,,,,,,,,,,,,,,,,,,,,,,,,,,,,,,,,,,,,,,,,,,,,,,,,,,,
Green,,NOUN,,,,,,,,,,,,,,,,,,,,,,,,,,,,Grün,,,,,,,,,,,,,,,,,,,,,,,,,,,,,,,,,,,,,,,,,,,,,,,,,,,,,,,,,,,,,,,,,,,,
Relational Databases,,,,,,,,,,,,,,,,,,,,,,,,,,,,,,Relationale Datenbanken,,,,,,,,,,,,,,,,,,,,,,,,,,,,,,,,,,,Banco de dados Relacionais,,,,,,,,,,,,,,,,,,,,,,,,,,,,,,,,,
container,,,,,,,,,,,,,,,,,,,,,,,,,,,,,,,,,,,,,,,,,,,,,,,contenitore,,,,,,,,,,,,,,,,,,,,,,,,,,,,,,,,,,,,,,,,,,,,,,,,,,,
pattern,,NOUN,,,,,,,,,,,,,,,,,,,,,,,,,,,,,,,,,,,,,,,,,,,,,schema,,,,,,,,,,,,,,,,,,,,,,,,,,,,,,,,,,,,,,,,,,шаблон,,,,,,,,,
user story,user story,NOUN,,,,,,,,,,,,,,,,,,,,,,,,,,,,,,,,,,,,,,,,,,,,,,,ユーザーストーリー,コースの最後のプロジェクトの説明に使用される場合,,,,,,,,,,,,,,,,,,,,,,,,,,,,,,,,,,,,,,,,,,,,,,,,
typecasting,,,,,,,,,,,,,,,,,,,,,,,,,,,,,,,,,,,,,,,,,,,,,,,conversione di tipo,,,,,,,,,,,,,,,,,,,,,,,,,,,,,,,,,,,,,,,,,,,,,,,,,,,
type coercion,conversione implicita,,,,,,,,,,,,,,,,,,,,,,,,,,,,,,,,,,,,,,,,,,,,,,,,,,,,,,,,,,,,,,,,,,,,,,,,,,,,,,,,,,,,,,,,,,,,,,,,,
aviary,,,,,,,,,,,,,,,,,,,,,,,,,,,,,,,,,,,,,,,,,,,,,,,voliera,,,,,,,,,,,,,,,,,,,,,,,,,,,,,,,,,,,,,,,,,,,,,,,,,,,
accessed,,,,,,,,,এক্সেস,,,,,,,,,,,,,,,,,,,,,,,,,,,,,,,,,,,,,,consultato,,,,,,,,,,,,,,,,,,,,,,,,,,,,,,,,,,,,,,,,,,,,,,,,,,,
regex,,NOUN,,,,,,,,,,,,,,,,,,,,,,,,,,,,,,,,,,,,,,,,,,,,,espressione regolare,,,,,,,,,,,,,,,,,,,,,,,,,,,,,,,,,,,,,,,,,,регулярний вираз,,,,,,,,,
screen readers,,NOUN,,,,,,,,,,,,,,,,,,,,,,,,,,,,,,,,,,,,,,,,,,,,,,,,,,,,,,,,,,,,,,,,,,,экранные считывающие устройства,,,,,,,,,,,,,,,,,,,,,,,,,,,,,
сheckboxes,,NOUN,,,,,,,,,,,,,,,,,,,,,,,,,,,,,,,,,,,,,,,,,,,,,caselle di spunta,,,,,,,,,,,,,,,,,,,,,,,-> флажки,,,,,,,,,,,,,,,,,,,,,,,,,,,,
Radio Button,,NOUN,,,,,,,,,,,,,,,,,,,,,,,,,,,,,,,,,,,,,,,,,,,,,pulsanti di opzione,,,,,,,,,,,,,,,,,,,,,,,"переключатель (жарг. радиокнопка) - элемент формы <input type=""radio""> для выбора одного варианта из нескольких",,,,,,,boton de radio,,,,,,,,,,,,радіокнопка,,,,,,,,,
thread,,NOUN,,,,,,,,,,,,,,,主题,,,,,,,,,,,,,,,,,,,,,,,,,,,,,,,,,,,,,,,,,,,,,,,,,,,,,,,,,,,,,,,,,,,,,,,,,,,,,,,,,
Hyphenated,,,,,,,,,,,,,,,,,,,,,,,,,,,,,,,,,,,,,,,,,,,,,,,sillabate,,,,,,,,,,,,,,,,,,,,,,,,,,,,,,,,,,,,,,,,,,,,,,,,,,,
lightness,,NOUN,,,,,,,,,,,,,,,,,,,,,,,,,,,,,,,,,,,,,,,,,,,,,,,,,,,,,,,,,,,,,,,,,,,яркость,,,,,,,,,,,,,,,,,,,,,,,,,,,,,
required,,,,,,,,,,,,,,,,,引入,,,,,,,,,,,,,,,,,,,,,,,,,,,,,,,,,,,,,,,,,,,,,,,,,,,,,required html-атрибут,,,,,,,,,,,,,,,,,,,,,,,,,,,,
As a reminder,,,,,,,,,,,,,,,,,请注意,,,,,,,,,,,,,,,,,,,,,,,,,,,,,,,,,,,,,,,,,,,,,,,,,,,,,,,,,,,,,,,,,,,,,,,,,,,,,,,,,
attribute,,NOUN,,,,,,,এট্রিবিউট,,,,,,,,,,,,,,,,,,,,,,,,,,,,,,,,,,,,,,,,属性,HTML タグの attribute を指すとき,,,,,,,,,,,,,,,,,,,атрибут,это дополнительные значения которые настраивают элементы или регулируют их поведение различным способом чтобы соответствовать критериям пользователей.,,,,,,,atributo,Característica de un componente,,,,,,,,,,,Атрибут,,,,,,,,,
opening tag,,NOUN,,,,,,,,,,,,,,,,,,,,,,,,,,,,,,,,,,,,,,,,,,,,,,,開始タグ,,,,,,,,,,,,,,,,,,,,открывающий тег,,,,,,,,,,,,,,,,,,,,,,,,,,,,,
accessibility,,NOUN,,,,,,,এক্সেসিবিলিটি,,,,,,,,,,,,,,,,,,,,Barrierefreiheit,,,,,,,,,,,,,,,,,,,,アクセシビリティ,,,,,,,,,,,,,,,,,,,,,,,,,,,,,,,,,,,,,,,,,,رسائی,,,,,,,
ternary,,,,,,,,,,,,,,,,,,,,,,,,,,,,,,,,,,,,,,,,,,,,,,,,,,,,,,,,,,,,,,,,,,,,,тернарный,тройной/троичный оператор,,,,,,,,,,,,,,,,,,,,,,,,,,,,
Case,,NOUN,,,,,,,,,,,,,,,,,,,,,,,,,,,,,,,,,,,,,,,,,,,,,,,,,,,,,,,,,,,,,,,,,,,,Случай,,,,,,,,,,,,,,,,,,,регістр,,,,,,,,,
decrement,decrease count by one,NOUN,,,,,,,,,,,,,,,,,,,,,,,,,,,,,,,,,,,,,,,,,,,,,,,,,,,,,,,,,,,,,,,,,,,декремент,понижение счетчика на единицу,,,,,,,,,,,,,,,,,,,,,,,,,,,,
increment,,NOUN,,,,,,,,,,,,,,,,,,,,,,,,,,,,,,,,,,,,,,,,,,,,,,,,,,,,,,,,,,,,,,,,,,,инкремент,приращение счетчика,,,,,,,,,,,,,,,,,,,,,,,,,,,,
forEach,,,,,,,,,,,,,,,,,,,,,,,,,,,,,,,,,,,,,,,,,,,,,,,,,,,,,,,,,,,,,,,,,,,,,forEach,элемент функции,,,,,,,,,,,,,,,,,,,,,,,,,,,,
web page,,,,,,,,,,,,,,,,,,,,,,,,,,,,,,,,,,,,,,,,,,,,,,,,,,,,,,,,,,,,,,,,,,,,,веб-страница,,,,,,,,,,,,,,,,,,,,,,,,,,,,,
anchor text,,,,,,,,,,,,,,,,,,,,,,,,,,,,,,,,,,,,,,,,,,,,,,,,,,,,,,,,,,,,,,,,,,,,,,текст привязки/якоря ссылки,,,,,,,,,,,,,,,,,,,якірний текст,,,,,,,,,
unordered list,,NOUN,,,,,,,,,,,,,,,,,,,,,,,,,,,,,,,,,,,,,,,,,,,,,,,順序なしリスト,HTML の <ul> 要素で作られるリストを指すとき,,,,,,,,,,,,,,,,,,,,неупорядоченный список,,,,,,,,,,,,,,,,,,,,,,,,,,,,
border-radius,,,,,,,,,,,,,,,,,,,,,,,,,,,,,,,,,,,,,,,,,,,,,,,,,,,,,,,,,,,,,,,,,,,,,border-radius,CSS-свойство не переводится,,,,,,,,,,,,,,,,,,,,,,,,,,,,
id,,,,,,,,,আইডি,,,,,,,,,,,,,,,,,,,,,,,,,,,,,,,,,,,,,,,,,,,,,,,,,,,,,,,,,,,,,идентификатор,,,,,,,,,,,,,,,,,,,,,,,,,,,,
should return,,VERB,,,,,,,,,,,,,,,,,,,,,,,,,devrait retourner,,,,,,,,,,,,,,,,,,,,,,,,,,,,,,,,,,,,,,,,,,Должен возвращать,,,,,,,,,,,,,,,,,,,,повинен повертатися як,,,,,,,,,
Responsive,,NOUN,,,,,,,,প্রতিক্রিয়া দানকারী,,,,,,,,,,,,,,,,,,,,,,,,,,,,,,,,,,,,,,,,,,,,,,,,,,,,,,,,,,,,-> про адаптивность,,,,,,,,,,,,,,,,,,,,,,,,,,,,
styled,,,,,,,,,,,,,,,,,,,,,,,,,,,,,,,,,,,,,,,,,,,,,,,,,,,,,,,,,,,,,,,,,,,,,,-> оформлен стилизован,,,,,,,,,,,,,,,,,,,,,,,,,,,,
RGB,,DET,,,,,,,,,,,,,,,,,,,,,,,,,,,,,,,,,,,,,,,,,,,,,,,,,,,,,,,,,,,,,,,,,,,RGB,цветовая модель,,,,,,,,,,,,,,,,,,,,,,,,,,,,
pseudo-class,,NOUN,,,,,,,,,,,,,,,,,,,,,,,,,,,,,,,,,,,,,,,,,,,,,,,,,,,,,,,,,,,,,,,,,,,,псевдокласс,,,,,,,,,,,,,,,,,,,,,,,,,,,,
break point,,DET,,,,,,,,,,,,,,,,,,,,,,,,,,,,,,,,,,,,,,,,,,,,,,,,,,,,,,,,,,,,,,,,,,,,точка прерывания,,,,,,,,,,,,,,,,,,,,,,,,,,,,
media query,,DET,,,,,,,Media Query,,,,,,,,,,,,,,,,,,,,,,,,,,,,,,,,,,,,,,,,,,,,,,,,,,,,,,,,,,,,,медиавыражение,,,,,,,,,,,,,,,,,,,,,,,,,,,,
Note,,NOUN,,,,,,,,,,,,,,,,,,,,,,,,,,,,,,,,,,,,,,,,,,,,,,,,,,,,,,,,,,,,,,,,,,,,примечание,,,,,,,,,,,,,,,,,,,Зверніть увагу:,,,,,,,,,
Template literals,,NOUN,,,,,,,,,,,,,,,,,,,,,,,,,,,,,,,,,,,,,,,,,,,,,,,,,,,,,,,,,,,,,,,,,,,,,,,,,,,,,,,,,,,,,,,Шаблонні літерали,,,,,,,,,
interpolation,,NOUN,,,,,,,,,,,,,,,,,,,,,,,,,,,,,,,,,,,,,,,,,,,,,,,,,,,,,,,,,,,,,,,,,,,,,,,,,,,,,,,,,,,,,,,Інтерполяція,,,,,,,,,
equal sign,,,,,,,,,,,,,,,,,,,,,,,,,,,,,,,,,,,,,,,,,,,,,,,,,,,,,,,,,,,,,,,,,,,,,,,,,,,,,,,,,,,,,,,,,"знак ""дорівнює""",,,,,,,,,
app,,NOUN,,,,,,,,,,,,,,,,,,,,,,,,,,,,,,,,,,,,,,,,,,,,,,,,,,,,,,,,,,,,,,,,,,,,,,,,,,,,,,,,,,,,,,,застосунок,,,,,,,,,
return statement,,,,,,,,,,,,,,,,,,,,,,,,,,,,,,,,,,,,,,,,,,,,,,,,,,,,,,,,,,,,,,,,,,,,,,,,,,,,,,,,,,,,,,,,,оператор повернення,,,,,,,,,
HashTable,,,,,,,,,,,,,,,,,,,,,,,,,,,,,,,,,,,,,,,,,,,,,,,,,,,,,,,,,,,,,,,,,,,,,,,,,,,,,,,,,,,,,,,,,,геш-таблиця,,,,,,,,
Trie,,,,,,,,,,,,,,,,,,,,,,,,,,,,,,,,,,,,,,,,,,,,,,,,,,,,,,,,,,,,,,,,,,,,,,,,,,,,,,,,,,,,,,,,,,Префіксне дерево,,,,,,,,
binary search trees,,NOUN,,,,,,,,,,,,,,,二叉搜索树,,,,,,,,,,,,,,,,,,,,,,,,,,,,,,,,,,,,,,,,,,,,,,,,,,,,,,,,,,,,,,,,,,,,,,,,двійкове дерево пошуку,,,,,,,,,
node,,,,,,,,,,,,,,,,,,,,,,,,,,,,,,,,,,,,,,,,,,,,,,,,,,,,,,,,,,,,,,,,,,,,,,,,,,,,,,,,,,,,,,,,,вузол,,,,,,,,,
binary tree,,,,,,,,,,,,,,,,,,,,,,,,,,,,,,,,,,,,,,,,,,,,,,,,,,,,,,,,,,,,,,,,,,,,,,,,,,,,,,,,,,,,,,,,,двійкове дерево,,,,,,,,,
body-parser,,,,,,,,,,,,,,,,,,,,,,,,,,,,,,,,,,,,,,,,,,,,,,,,,,,,,,,,,,,,,,,,,,,,,,,,,,,,,,,,,,,,,,,,,body-parser,,,,,,,,,
submission,,,,,,,,,,,,,,,,,,,,,,,,,,,,,,,,,,,,,,,,,,,,,,,,,,,,,,,,,,,,,,,,,,,,,,,,,,,,,envío,,,,,,,,,,,,,,,,,,,,,
CSS offset,,NOUN,,,,,,,,,,,,,,,,,,,,,,,,,,,,,,,,,,,,,,,,,,,,,,,,,,,,,,,,,,,,,,,,,,,,,,,,,,,,,,,,,,,,,,,CSS offset,не перекладається,,,,,,,,
split-complement,,,,,,,,,,,,,,,,,,,,,,,,,,,,,,,,,,,,,,,,,,,,,,,,,,,,,,,,,,,,,,,,,,,,,,~схема дополнительного разделения,,,,,,,,,,,,,,,,,,,,,,,,,,,,
Scatter Plot Circles,,,,,,,,,,,,,,,,,,,,,,,,,,,,,,,,,,,,,,,,,,,,,,,,,,,,,,,,,,,,,,,,,,,,,,,,,,,,,Círculos de Gráficos de Dispersión,Math stuff,,,,,,,,,,,,,,,,,,,,
scatter plot,,,,,,,,,,,,,,,,,,,,,,,,,,,,,,,,,,,,,,,,,,,,,,,,,,,,,,,,,,,,,,,,,,,,,,,,,,,,,diagrama de dispersión,,,,,,,,,,,,,,,,,,,,,
pseudo-element,,NOUN,,,,,,,,,,,,,,,,,,,,,,,,,,,,,,,,,,,,,,,,,,,,,,,,,,,,,,,,,,,,,,,,,,,псевдоэлемент,дополнительный внутренний элемент созданный с помощью CSS и ::before или ::after,,,,,,,,,,,,,,,,,,,,,,,,,,,,
pseudo-elements,,NOUN,,,,,,,,,,,,,,,,,,,,,,,,,,,,,,,,,,,,,,,,,,,,,,,,,,,,,,,,,,,,,,,,,,,псевдоэлементы,,,,,,,,,,,,,,,,,,,,,,,,,,,,,
alphanumerics,,NOUN,,,,,,,,,,,,,,,,,,,,,,,,,,,,,,,,,,,,,,,,,,,,,,,,,,,,,,,,,,,,,,,,,,,,,,,,,,,,,,,,,,,,,,,алфавітно-цифровий індикатор,,,,,,,,,
lowercase,,NOUN,,,,,,,,,,,,,,,,,,,,,,,,,,,,,,,,,,,,,,,,,,,,,,,,,,,,,,,,,,,,,,,,,,,,нижний регистр,,,,,,,,,,,,,,,,,,,нижній регістр маленький шрифт,,,,,,,,,
freeCodeCamp console,,,,,,,,,,,,,,,,,,,,,,,,,,,,,,,,,,,,,,,,,,,,,,,,,,,,,,,,,,,,,,,,,,,,,,,,,,,,,,,,,,,,,,,,,Консоль freeCodeCamp,,,,,,,,,
Partial Application,,,,,,,,,,,,,,,,,,,,,,,,,,,,,,,,,,,,,,,,,,,,,,,,,,,,,,,,,,,,,,,,,,,,,,,,,,,,,,,,,,,,,,,,,Часткове застосування,,,,,,,,,
Currying,,,,,,,,,,,,,,,,,,,,,,,,,,,,,,,,,,,,,,,,,,,,,,,,,,,,,,,,,,,,,,,,,,,,,,,,,,,,,,,,,,,,,,,,,Каррування ,,,,,,,,,
arity,,,,,,,,,,,,,,,,,,,,,,,,,,,,,,,,,,,,,,,,,,,,,,,,,,,,,,,,,,,,,,,,,,,,,,,,,,,,,,,,,,,,,,,,,арність,,,,,,,,,
Inheritance,,,,,,,,,,,,,,,,,,,,,,,,,,,,,,,,,,,,,,,,,,,,,,,,,,,,,,,,,,,,,,,,,,,,,,,,,,,,,,,,,,,,,,,,,успадкування,,,,,,,,,
canvas,,,,,,,,,,,,,,,,,,,,,,,,,,,,,,,,,,,,,,,,,,,,,,,,,,,,,,,,,,,,,,,,,,,,,,,,,,,,,lienzo,,,,,,,,,,,,,,,,,,,,,
Scatterplot,,,,,,,,,,,,,,,,,,,,,,,,,,,,,,,,,,,,,,,,,,,,,,,,,,,,,,,,,,,,,,,,,,,,,,,,,,,,,diagrama de dispersión,math stuff,,,,,,,,,,,,,,,,,,,,
appended,,,,,,,,,,,,,,,,,,,,,,,,,,,,,,,,,,,,,,,,,,,,,,,,,,,,,,,,,,,,,,,,,,,,,,,,,,,,,añadido,,,,,,,,,,,,,,,,,,,,,
shape,,,,,,,,,,,,,,,,,,,,,,,,,,,,,,,,,,,,,,,,,,,,,,,,,,,,,,,,,,,,,,,,,,,,,,,,,,,,,figura,,,,,,,,,,,,,,,,,,,,,
add,,,,,,,,,,,,,,,,,,,,,,,,,,,,,,,,,,,,,,,,,,,,,,,,,,,,,,,,,,,,,,,,,,,,,,,,,,,,,agregar,,,,,,,,,,,,,,شامل,,,,,,,
selecting,,,,,,,,,,,,,,,,,,,,,,,,,,,,,,,,,,,,,,,,,,,,,,,,,,,,,,,,,,,,,,,,,,,,,,,,,,,,,seleccionar,,,,,,,,,,,,,,,,,,,,,
Nest,,,,,,,,,,,,,,,,,,,,,,,,,,,,,,,,,,,,,,,,,,,,,,,,,,,,,,,,,,,,,,,,,,,,,,,,,,,,,anidar,,,,,,,,,,,,,,,,,,,,,
Doubly Linked List,,,,,,,,,,,,,,,,,,,,,,,,,,,,,,,,,,,,,,,,,,,,,,,,,,,,,,,,,,,,,,,,,,,,,,,,,,,,,,,,,,,,,,,,,двунаправлений зв'язний список,,,,,,,,,
Bootstrap,,,,,,,,,,,,,,,,,,,,,,,,,,,,,,,,,,,,,,,,,,,,,,,,,,,,,,,,,,,,,,,,,,,,,,,,,,,,,,,,,,,,,,,,,Bootstrap,,,,,,,,,
set,,NOUN,,,,,,,,,,,,,,,,,,,,,,,,,,,,,,,,,,,,,,,,,,,,,,,,,,,,,,,,,,,,,,,,,,,множество,Мно́жество — одно из ключевых понятий математики; представляющее собой набор совокупность каких-либо объектов — элементов этого множества. Два множества равны тогда и только тогда когда содержат в точности одинаковые элементы.,,,,,,,establecer,,,,,,,,,,,,,,,,,,,,,
document instance,,,,,,,,,,,,,,,,,,,,,,,,,,,,,,,,,,,,,,,,,,,,,,,,,,,,,,,,,,,,,,,,,,,,,,,,,,,,,,,,,,,,,,,,,Екземпляр документа,,,,,,,,,
callback function,,,,,,,,,,,,,,,,,,,,,,,,,,,,,,,,,,,,,,,,,,,,,,,,,,,,,,,,,,,,,,,,,,,,,,,,,,,,,,,,,,,,,,,,,Функція зворотнього зв'язку,передача исполняемого кода в качестве одного из параметров другого кода. ,,,,,,,,
argument,,,,,,,,,,,,,,,,,,,,,,,,,,,,,,,,,,,,,,,,,,,,,,,,,,,,,,,,,,,,,,,,,,,,,,,,,,,,,,,,,,,,,,,,,аргумент,Аргумент функции в программировании — значение передаваемое функции или его символьное имя.,,,,,,,,
plotted,,,,,,,,,,,,,,,,,,,,,,,,,,,,,,,,,,,,,,,,,,,,,,,,,,,,,,,,,,,,,,,,,,,,,,,,,,,,,trazado,,,,,,,,,,,,,,,,,,,,,
attach,,,,,,,,,,,,,,,,,,,,,,,,,,,,,,,,,,,,,,,,,,,,,,,,,,,,,,,,,,,,,,,,,,,,,,,,,,,,,Adjuntar unir,,,,,,,,,,,,,,,,,,,,,
data-driven,,,,,,,,,,,,,,,,,,,,,,,,,,,,,,,,,,,,,,,,,,,,,,,,,,,,,,,,,,,,,,,,,,,,,,,,,,,,,impulsado por datos,,,,,,,,,,,,,,,,,,,,,
first,,,,,,,,,,,,,,,,,,,,,,,,,,,,,,,,,,,,,,,,,,,,,,,,,,,,,,,,,,,,,,,,,,,,,,,,,,,,,primer,,,,,,,,,,,,,,پہلا,,,,,,,
second,,,,,,,,,,,,,,,,,,,,,,,,,,,,,,,,,,,,,,,,,,,,,,,,,,,,,,,,,,,,,,,,,,,,,,,,,,,,,segundo,,,,,,,,,,,,,,,,,,,,,
eighth,,,,,,,,,,,,,,,,,,,,,,,,,,,,,,,,,,,,,,,,,,,,,,,,,,,,,,,,,,,,,,,,,,,,,,,,,,,,,octavo,,,,,,,,,,,,,,,,,,,,,
seventh,,,,,,,,,,,,,,,,,,,,,,,,,,,,,,,,,,,,,,,,,,,,,,,,,,,,,,,,,,,,,,,,,,,,,,,,,,,,,séptimo,,,,,,,,,,,,,,,,,,,,,
ninth,,,,,,,,,,,,,,,,,,,,,,,,,,,,,,,,,,,,,,,,,,,,,,,,,,,,,,,,,,,,,,,,,,,,,,,,,,,,,noveno,,,,,,,,,,,,,,,,,,,,,
third,,,,,,,,,,,,,,,,,,,,,,,,,,,,,,,,,,,,,,,,,,,,,,,,,,,,,,,,,,,,,,,,,,,,,,,,,,,,,tercer,,,,,,,,,,,,,,,,,,,,,
data structure,,NOUN,,,,,,,,,,,,,,,,,,,,,,,,,,,,,,,,,,,,,,,,,,,,,,,,,,,,,,,,,,,,,,,,,,,,,,,,,,,,,,,,,,,,,,,структура даних,,,,,,,,,
seeding a database,,,,,,,,,,,,,,,,,,,,,,,,,,,,,,,,,,,,,,,,,,,,,,,,,,,,,,,,,,,,,,,,,,,,,,,,,,,,,,,,,,,,,,,,,заповнення бази даних,,,,,,,,,
data structures,,NOUN,,,,,,,,,,,,,,,,,,,,,,,,,,,,,,,,,,,,,,,,,,,,,,,,,,,,,,,,,,,,,,,,,,,,,,,,,,,,,,,,,,,,,,,структури даних,,,,,,,,,
Linked List,,,,,,,,,,,,,,,,,,,,,,,,,,,,,,,,,,,,,,,,,,,,,,,,,,,,,,,,,,,,,,,,,,,,,,,,,,,,,,,,,,,,,,,,,Зв'язаний список,Зв'язаний список в програмуванні — одна з найважливіших структур даних в якій елементи лінійно впорядковані але порядок визначається не номерами елементів а вказівниками які входять до складу елементів списку та вказують на наступний за даним елемент або на наступний та попередній елементи.,,,,,,,,
a conga line,,,,,,,,,,,,,,,,,,,,,,,,,,,,,,,,,,,,,,,,,,,,,,,,,,,,,,,,,,,,,,,,,,,,,,,,,,,,,,,,,,,,,,,,,Лінія конга,Лінія конга є новизна лінійний танець що було отримано з Кубинський карнавал однойменний танець і стала популярною в США в 30-50-х роках. Танцюристи формують довгу обробну лінію яка зазвичай перетворюється на коло. Її три перетасувати кроки на такт а потім удар який трохи випереджає четвертий удар. Енциклопедія  site:uk.wikiqube.net,,,,,,,,
generating function,,NOUN,,,,,,,,,,,,,,,,,,,,,,,,,,,,,,,,,,,,,,,,,,,,,,,,,,,,,,,,,,,,,,,,,,,,,,,,,,,,,,,,,,,,,,,генератриса,У комбінаториці генератри́са або твірна функція (англ. generating function) послідовності {\displaystyle \{a_{n}\}}{\displaystyle \{a_{n}\}} — це формальний степеневий ряд,,,,,,,,
node,,NOUN,,,,,,,,,,,,,,,,,,,,,,,,,,,,,,,,,,,,,,,,,,,,,,,,,,,,,,,,,,,,,,,,,,,,,,,,,,,,,,,,,,,,,,,вершина,,,,,,,,,
nodes,,,,,,,,,,,,,,,,,,,,,,,,,,,,,,,,,,,,,,,,,,,,,,,,,,,,,,,,,,,,,,,,,,,,,,,,,,,,,,,,,,,,,,,,,,або вершина або вузл,,,,,,,,
A perfect number,,,,,,,,,,,,,,,,,,,,,,,,,,,,,,,,,,,,,,,,,,,,,,,,,,,,,,,,,,,,,,,,,Um número perfeito,,,,,,,,,,,,,,,,,,,,,,,,досконале число,У теорії чисел досконале число  — натуральне число що дорівнює сумі його додатних дільників не враховуючи самого числа. Наприклад 6 має дільники 1 2 3 (не враховуючи його самого) {\displaystyle 6=1+2+3}{\displaystyle 6=1+2+3} тому 6  — досконале число.,,,,,,,,
integers,,,,,,,,,,,,,,,,,,,,,,,,,,,,,,,,,,,,,,,,,,,,,,,,,,,,,,,,,,,,,,,,,,,,,,,,,,,,,,,,,,,,,,,,,цілі числа (мат.),,,,,,,,,
directed graph,,,,,,,,,,,,,,,,,,,,,,,,,,,,,,,,,,,,,,,,,,,,,,,,,,,,,,,,,,,,,,,,,,,,,,,,,,,,,,,,,,,,,,,,,орієнтований граф,ще можна орграф ,,,,,,,,
heap,,,,,,,,,,,,,,,,,,,,,,,,,,,,,,,,,,,,,,,,,,,,,,,,,,,,,,,,,,,,,,,,,,,,,,,,,,,,,,,,,,,,,,,,,купа,,,,,,,,,
binary heap,,,,,,,,,,,,,,,,,,,,,,,,,,,,,,,,,,,,,,,,,,,,,,,,,,,,,,,,,,,,,,,,,,,,,,,,,,,,,,,,,,,,,,,,,двійкова купа,,,,,,,,,
heap property,,,,,,,,,,,,,,,,,,,,,,,,,,,,,,,,,,,,,,,,,,,,,,,,,,,,,,,,,,,,,,,,,,,,,,,,,,,,,,,,,,,,,,,,,властивіть купи,,,,,,,,,
child node,,,,,,,,,,,,,,,,,,,,,,,,,,,,,,,,,,,,,,,,,,,,,,,,,,,,,,,,,,,,,,,,,,,,,,,,,,,,,,,,,,,,,,,,,дочірній вузол,,,,,,,,,
parent node,,,,,,,,,,,,,,,,,,,,,,,,,,,,,,,,,,,,,,,,,,,,,,,,,,,,,,,,,,,,,,,,,,,,,,,,,,,,,,,,,,,,,,,,,батьківський вузол ,,,,,,,,,
max heap,,,,,,,,,,,,,,,,,,,,,,,,,,,,,,,,,,,,,,,,,,,,,,,,,,,,,,,,,,,,,,,,,,,,,,,,,,,,,,,,,,,,,,,,,незростаюча купа,,,,,,,,,
min heap,,,,,,,,,,,,,,,,,,,,,,,,,,,,,,,,,,,,,,,,,,,,,,,,,,,,,,,,,,,,,,,,,,,,,,,,,,,,,,,,,,,,,,,,,неспадна купа,,,,,,,,,
composite number,,,,,,,,,,,,,,,,,,,,,,,,,,,,,,,,,,,,,,,,,,,,,,,,,,,,,,,,,,,,,,,,,,,,,,,,,,,,,,,,,,,,,,,,,Складене число,,,,,,,,,
quadrilateral,,NOUN,,,,,,,,,,,,,,,,,,,,,,,,,,,,,,,,,,,,,,,,,,,,,,,,,,,,,,,,,,,,,,,,,,,,,,,,,,,,,,,,,,,,,,,чотирикутник,,,,,,,,,
Long multiplication,,,,,,,,,,,,,,,,,,,,,,,,,,,,,,,,,,,,,,,,,,,,,,,,,,,,,,,,,,,,,,,,,,,,,,,,,,,,,,,,,,,,,,,,,,множення в стопчик,,,,,,,,
Dot product,,,,,,,,,,,,,,,,,,,,,,,,,,,,,,,,,,,,,,,,,,,,,,,,,,,,,,,,,,,,,,,,,,,,,,,,,,,,,,,,,,,,,,,,,Скалярний добуток,,,,,,,,,
board,,NOUN,,,,,,,,,,,,,,,,,,,,,,,,,,,,,,,,,,,,,,,,,,,,,,,,,,,,,,,,,,,,,,,,,,,,,,,,,,,,,,,,,,,,,,,панель,,,,,,,,,
decimal digit,,,,,,,,,,,,,,,,,,,,,,,,,,,,,,,,,,,,,,,,,,,,,,,,,,,,,,,,,,,,,,,,,,,,,,,,,,,,,,,,,,,,,,,,,десятковий знак,,,,,,,,,
Deepcopy,,,,,,,,,,,,,,,,,,,,,,,,,,,,,,,,,,,,,,,,,,,,,,,,,,,,,,,,,,,,,,,,,,,,,,,,,,,,,,,,,,,,,,,,,Глибоке копіювання,,,,,,,,,
Date objects,,,,,,,,,,,,,,,,,,,,,,,,,,,,,,,,,,,,,,,,,,,,,,,,,,,,,,,,,,,,,,,,,,,,,,,,,,,,,,,,,,,,,,,,,Об'єкти Date,Об'єкт Date служить для отримання дати і часу і для роботи з датою і часом. При створенні об'єкту Date використання оператора new є обов'язкове. Інакше об'єкт не буде створено а повернеться рядок з поточною датою.,,,,,,,,
Prototype copying,,,,,,,,,,,,,,,,,,,,,,,,,,,,,,,,,,,,,,,,,,,,,,,,,,,,,,,,,,,,,,,,,,,,,,,,,,,,,,,,,,,,,,,,,Прототип копіювання,,,,,,,,,
boolean,,,,,,,,,,,,,,,,,,,,,,,,,,,,,,,,,,,,,,,,,,,,,,,,,,,,,,,,,,,,,,,,,,,,,,,,,,,,,,,,,,,,,,,,,логічний тип,простий тип даних в інформатиці що може набувати двох можливих значень які іноді називають істиною і хибою (також так і ні). Присутній в переважній більшості мов програмування як самостійна сутність або реалізований через числовий тип. В другому випадку зазвичай за хибне приймають нульове значення за істину — одиницю чи будь-яке інше відмінне від нуля число.,,,,,,,,
step,"степінь",NOUN,,,,,,,,,,,,,,,,,,,,,,,,,,,,,,,,,,,,,,,,,,,,,,,,,,,,,,,,,,,,,,,,,,,,,,,,,,,,,,,,,,,,,,,,,,,,,,,,
lattice points,,NOUN,,,,,,,,,,,,,,,,,,,,,,,,,,,,,,,,,,,,,,,,,,,,,,,,,,,,,,,,,,,,,,,,,,,,,,,,,,,,,,,,,,,,,,,точки ґратки,,,,,,,,,
Shannon entropy H,,,,,,,,,,,,,,,,,,,,,,,,,,,,,,,,,,,,,,,,,,,,,,,,,,,,,,,,,,,,,,,,,,,,,,,,,,,,,,,,,,,,,,,,,Інформаційна ентропія ,Інформаці́йна ентропі́я (англ. information entropy) — це усереднена швидкість із якою продукує інформацію стохастичне джерело даних.Поняття інформаційної ентропії було введено Клодом Шенноном у його праці 1948 року «Математична теорія зв'язку»,,,,,,,,
instruction pointer,,,,,,,,,,,,,,,,,,,,,,,,,,,,,,,,,,,,,,,,,,,,,,,,,,,,,,,,,,,,,,,,,,,,,,,,,,,,,,,,,,,,,,,,,лічильник команд,,,,,,,,,
Degenerate spherical triangle,,,,,,,,,,,,,,,,,,,,,,,,,,,,,,,,,,,,,,,,,,,,,,,,,,,,,,,,,,,,,,,,,,,,,,,,,,,,,,,,,,,,,,,,,вироджені сферичні трикутники,,,,,,,,,
camelCase,,,,,,,,,,,,,,,,,,,,,,,,,,,,,,,,,,,,,,,,,,,,,,,,,,,,,,,,,,,,,,,,,,,,,,camelCase или «ВерблюжийРегистр» // стиль написания составных слов,,,,,,,,,,,,,,,,,,,,,,,,,,,,
declaration,,,,,,,,,,,,,,,,,,,,,,,,,,,,,,,,,,,,,,,,,,,,,,,,,,,,,,,,,,,,,,,,,,,,,,объявление [переменных],,,,,,,,,,,,,,,,,,,,,,,,,,,,
assignment,,,,,,,,,,,,,,,,,,,,,,,,,,,,,,,,,,,,,,,,,,,,,,,,,,,,,,,,,,,,,,,,,,,,,,Присваивание (=),,,,,,,,,,,,,,,,,,,,,,,,,,,,
URL,Уніфіко́ваний лока́тор ресу́рсів або адре́са ресу́рсу (англ. Uniform Resource Locator — єдиний вказівник на ресурс URL) — стандартизована адреса певного ресурсу (такого як документ чи зображення) в інтернеті (чи деінде). ,NOUN,,,,,,,,,,,,,,,,,,,,,,,,,,,,,,,,,,,,,,,,,,,,,,,,,,,,,,,,,,,,,,,,,,,,,,,,,,,,,,,,,,,,,,,URL-адреса,,,,,,,,,
Placeholder Text,"The placeholder attribute specifies a short hint that describes the expected value of an input field (e.g. a sample value or a short description of the expected format). The short hint is displayed in the input field before the user enters a value.",NOUN,,,,,,,,,,,,,,,,,,,,,,,,,,,,,,,,,,,,,,,,,,,,,,,,,,,,,,,,,,,,,,,,,,,,,,,,,,,,,,,,,,,,,,,заповнювач (плейсхолдер),,,,,,,,,
Checkboxes,,NOUN,,,,,,,,,,,,,,,,,,,,,,,,,,,,,,,,,,,,,,,,,,,,,,,,,,,,,,,,,,,,,,,,,,,,,,,,,,,,,,,,,,,,,,,прапорці,Елемент графічного інтерфейсу користувача (GUI) що дозволяє користувачу зробити множинний вибір з декількох варіантів. ,,,,,,,,
sub-array,,,,,,,,,,,,,,,,,,,,,,,,,,,,,,,,,,,,,,,,,,,,,,,,,,,,,,,,,,,,,,,,,,,,,подмассив,,,,,,,,,,,,,,,,,,,,,,,,,,,,,
Problem,,,,,,,,,,,,,,,,,,,,,,,,,,,,,,,,,,,,,,,,,,,,,,,,,,,,,,,,,,,,,,,,,,,,,,,,,,,,,,,,,,,,,,,,,Завдання,,,,,,,,,
Counter,,,,,,,,,,,,,,,,,,,,,,,,,,,,,,,,,,,,,,,,,,,,,,,,,,,,,,,,,,,,,,,,,,,,,,,,,,,,,,,,,,,,,,,,,Фішка,,,,,,,,,
Statement,a conditional statement,,,,,,,,,,,,,,,,,,,,,,,,,,,,,,,,,,,,,,,,,,,,,,,,,,,,,,,,,,,,,,,,,,,,,,,,,,,,sentencia,,,,,,,,,,,,,,,,,,,,,
markdown,,,,,,,,,,,,,,,,,,,,,,,,,,,,,,,,,,,,,,,,,,,,,,,,,,,,,,,,,,,,,,,,,,,,,,,,,,,,,lenguaje de marcado,,,,,,,,,,,,,,,,,,,,,
n-sequence,,NOUN,,,,,,,,,,,,,,,,,,,,,,,,,,,,,,,,,,,,,,,,,,,,,,,,,,,,,,,,,,,,,,,,,,,,,,,,,,,,,,,,,,,,,,,n-послідовність,,,,,,,,,
countiguous,,ADJ,,,,,,,,,,,,,,,,,,,,,,,,,,,,,,,,,,,,,,,,,,,,,,,,,,,,,,,,,,,,,,,,,,,,,,,,,,,,,,,,,,,,,,,дотичний (мат.),,,,,,,,,
subsequence,,,,,,,,,,,,,,,,,,,,,,,,,,,,,,,,,,,,,,,,,,,,,,,,,,,,,,,,,,,,,,,,,,,,,,,,,,,,,,,,,,,,,,,,,підпослідовність,,,,,,,,,
value,,,,,,,,,ভ্যালু,,,,,,,,,,,,,,,,,,,,,,,,,,,,,,,,,,,,,,,,,,,,,,,,,,,,,,,,,,,,,,,,,,,,,,,,,,,,,,,,значення,,,,,,,,,
family of functions,,,,,,,,,,,,,,,,,,,,,,,,,,,,,,,,,,,,,,,,,,,,,,,,,,,,,,,,,,,,,,,,,,,,,,,,,,,,,,,,,,,,,,,,,сімейство функцій,,,,,,,,,
modulo,,ADV,,,,,,,,,,,,,,,,,,,,,,,,,,,,,,,,,,,,,,,,,,,,,,,,,,,,,,,,,,,,,,,,,,,,,,,,,,,,,,,,,,,,,,,за модулем,,,,,,,,,
ellipsoid of revolution,,,,,,,,,,,,,,,,,,,,,,,,,,,,,,,,,,,,,,,,,,,,,,,,,,,,,,,,,,,,,,,,,,,,,,,,,,,,,,,,,,,,,,,,,сфероїд,,,,,,,,,
positive number,,,,,,,,,,,,,,,,,,,,,,,,,,,,,,,,,,,,,,,,,,,,,,,,,,,,,,,,,,,,,,,,,,,,,,,,,,,,,,,,,,,,,,,,,додатне число,,,,,,,,,
collinear point,,,,,,,,,,,,,,,,,,,,,,,,,,,,,,,,,,,,,,,,,,,,,,,,,,,,,,,,,,,,,,,,,,,,,,,,,,,,,,,,,,,,,,,,,колінеарна точка,,,,,,,,,
unitary divisor,,,,,,,,,,,,,,,,,,,,,,,,,,,,,,,,,,,,,,,,,,,,,,,,,,,,,,,,,,,,,,,,,,,,,,,,,,,,,,,,,,,,,,,,,унітарний дільник,,,,,,,,,
sum of squares,,,,,,,,,,,,,,,,,,,,,,,,,,,,,,,,,,,,,,,,,,,,,,,,,,,,,,,,,,,,,,,,,,,,,,,,,,,,,,,,,,,,,,,,,сума квадратів,,,,,,,,,
least common multiple,,NOUN,,,,,,,,,,,,,,,,,,,,,,,,,,,,,,,,,,,,,,,,,,,,,,,,,,,,,,,,,,,,,,,,,,,,,,,,,,,,,,,,,,,,,,,найменше спільне кратне,,,,,,,,,
binominal coefficient,,NOUN,,,,,,,,,,,,,,,,,,,,,,,,,,,,,,,,,,,,,,,,,,,,,,,,,,,,,,,,,,,,,,,,,,,,,,,,,,,,,,,,,,,,,,,біноміальний коефіцієнт,,,,,,,,,
reduced ,,,,,,,,,,,,,,,,,,,,,,,,,,,,,,,,,,,,,,,,,,,,,,,,,,,,,,,,,,,,,,,,,,,,,,,,,,,,,,,,,,,,,,,,,скорочений,,,,,,,,,
special character,,NOUN,,,,,,,,,,,,,,,,,,,,,,,,,,,,,,,,,,,,,,,,,,,,,,,特殊文字,,,,,,,,,,,,,,,,,,,,,,,,,,,,,,,,,,,,,,,,,,,,,,,,,
placeholder,,NOUN,,,,,,,,,,,,,,,,,,,,,,,,,,,,,,,,,,,,,,,,,,,,,,,プレイスホルダ―,,,,,,,,,,,,,,,,,,,,,,,,,,,,,,,,,,,,,,,,,,,,,,,,,
ordered list,,NOUN,,,,,,,,,,,,,,,,,,,,,,,,,,,,,,,,,,,,,,,,,,,,,,,順序付きリスト,HTML の <ol> 要素で作られるリストを指すとき,,,,,,,,,,,,,,,,,,,,,,,,,,,,,,,,,,,,,,,,,,,,,,,,
assistive technology,,NOUN,,,,,,,,,,,,,,,,,,,,,,,,,,,,,,,,,,,,,,,,,,,,,,,アシスティブ・テクノロジー / 支援技術,原則カタカナ、前後の文脈で「支援」や「技術」という言葉の方が分かりやすい場合は支援技術とする,,,,,,,,,,,,,,,,,,,,,,,,,,,,,,,,,,,,,,,,,,,,,,,,
Camper Cat,,PROPN,,,,,,,,,,,,,,,,,,,,,,,,,,,,,,,,,,,,,,,,,,,,,,,Camper Cat,freeCodeCamp のテストで使用される文字列のため翻訳しない,,,,,,,,,,,,,,,,,,,,,,,,,,,,,,,,,,,,,,,,,,,,,,,,
generic font family,,NOUN,,,,,,,,,,,,,,,,,,,,,,,,,,,,,,,,,,,,,,,,,,,,,,,総称フォントファミリ,CSS の font-family プロパティに指定するキーワードを指すとき,,,,,,,,,,,,,,,,,,,,,,,,,,,,,,,,,,,,,,,,,,,,,,,,
bezier curve,,NOUN,,,,,,,,,,,,,,,,,,,,,,,,,,,,,,,,,,,,,,,,,,,,,,,ベジェ曲線,,,,,,,,,,,,,,,,,,,,,,,,,,,,,,,,,,,,,,,,,,,,,,,,,
visual impairment,,NOUN,,,,,,,,,,,,,,,,,,,,,,,,,,,,,,,,,,,,,,,,,,,,,,,視覚障害,,,,,,,,,,,,,,,,,,,,,,,,,,,,,,,,,,,,,,,,,,,,,,,,,
Note:,,NOUN,,,,,,,,,,,,,,,,,,,,,,,,,,,,,,,,,,,,,,,,,,,,,,,注:,,,,,,,,,,,,,,,,,,,,,,,,,,,,,,,,,,,,,,,,,,,,,,,,,
semantic meaning,,NOUN,,,,,,,,,,,,,,,,,,,,,,,,,,,,,,,,,,,,,,,,,,,,,,,セマンティックな意味 / 意味,特にセマンティクスについて説明しているなど、「semantic」の語を省いてしまうと伝わらない文脈では「セマンティック」のカタカナ語を使う。シンプルに「semantic meaning」→「意味」とした方が自然であったり、「semantic」単体で使われるなど「意味論の」などと訳した方が自然な場合はこの限りではない。,,,,,,,,,,,,,,,,,,,,,,,,,,,,,,,,,,,,,,,,,,,,,,,,
flex item,,NOUN,,,,,,,,,,,,,,,,,,,,,,,,,,,,,,,,,,,,,,,,,,,,,,,フレックスアイテム,,,,,,,,,,,,,,,,,,,,,,,,,,,,,,,,,,,,,,,,,,,,,,,,,
flex container,,NOUN,,,,,,,,,,,,,,,,,,,,,,,,,,,,,,,,,,,,,,,,,,,,,,,フレックスコンテナ,,,,,,,,,,,,,,,,,,,,,,,,,,,,,,,,,,,,,,,,,,,,,,,,,
landmark,,NOUN,,,,,,,,,,,,,,,,,,,,,,,,,,,,,,,,,,,,,,,,,,,,,,,目印,コードの動作上、目印となるものを指している場合,,,,,,,,,,,,,,,,,,,,,,,,,,,,,,,,,,,,,,,,,,,,,,,,
header,,NOUN,,,,,,,,,,,,,,,,,,,,,,,,,,,,,,,,,,,,,,,,,,,,,,,ヘッダー,HTML の <header> 要素を指すとき,,,,,,,,,,,,,,,,,,,,,,,,,,,,,,,,,,,,,,,,,,,,,,,,
transcript,,NOUN,,,,,,,,,,,,,,,,,,,,,,,,,,,,,,,,,,,,,,,,,,,,,,,トランスクリプト,音声の文字起こしを指す時。カタカナのみでは伝わらないと思われる場合「トランスクリプト (文字起こし)」と注釈を添える。,,,,,,,,,,,,,,,,,,,,,,,,,,,,,,,,,,,,,,,,,,,,,,,,
screen reader,,NOUN,,,,,,,,,,,,,,,,,,,,,,,,,,,,,,,,,,,,,,,,,,,,,,,スクリーンリーダー,,,,,,,,,,,,,,,,,,,,,,,,,,,,,,,,,,,,,,,,,,,,,,,,,
colorblind,,ADJ,,,,,,,,,,,,,,,,,,,,,,,,,,,,,,,,,,,,,,,,,,,,,,,色弱者の (人を指す時) / 色弱の (色覚のタイプを指す時),,,,,,,,,,,,,,,,,,,,,,,,,,,,,,,,,,,,,,,,,,,,,,,,,
colorblindness,,NOUN,,,,,,,,,,,,,,,,,,,,,,,,,,,,,,,,,,,,,,,,,,,,,,,色弱 (色覚のタイプを指す時),,,,,,,,,,,,,,,,,,,,,,,,,,,,,,,,,,,,,,,,,,,,,,,,,
media query,,NOUN,,,,,,,,,,,,,,,,,,,,,,,,,,,,,,,,,,,,,,,,,,,,,,,メディアクエリ,,,,,,,,,,,,,,,,,,,,,,,,,,,,,,,,,,,,,,,,,,,,,,,,,
Retina,,PROPN,,,,,,,,,,,,,,,,,,,,,,,,,,,,,,,,,,,,,,,,,,,,,,,Retina,Apple 製品の高解像度ディスプレイの名称。そのまま Retina と表記する。,,,,,,,,,,,,,,,,,,,,,,,,,,,,,,,,,,,,,,,,,,,,,,,,
selector,,NOUN,,,,,,,,,,,,,,,,,,,,,,,,,,,,,,,,,,,,,,,,,,,,,,,セレクター,,,,,,,,,,,,,,,,,,,,,,,,,,,,,,,,,,,,,,,,,,,,,,,,,
main axis,,NOUN,,,,,,,,,,,,,,,,,,,,,,,,,,,,,,,,,,,,,,,,,,,,,,,主軸,CSS のフレックスアイテムの配置を説明する時,,,,,,,,,,,,,,,,,,,,,,,,,,,,,,,,,,,,,,,,,,,,,,,,
grid item,,NOUN,,,,,,,,,,,,,,,,,,,,,,,,,,,,,,,,,,,,,,,,,,,,,,,グリッドアイテム,,,,,,,,,,,,,,,,,,,,,,,,,,,,,,,,,,,,,,,,,,,,,,,,,
grid container,,NOUN,,,,,,,,,,,,,,,,,,,,,,,,,,,,,,,,,,,,,,,,,,,,,,,グリッドコンテナ,,,,,,,,,,,,,,,,,,,,,,,,,,,,,,,,,,,,,,,,,,,,,,,,,
grid line,,NOUN,,,,,,,,,,,,,,,,,,,,,,,,,,,,,,,,,,,,,,,,,,,,,,,グリッド線,CSS グリッドを構成する線を指す時。「線」とだけ訳すと文章が不自然になる場合など。,,,,,,,,,,,,,,,,,,,,,,,,,,,,,,,,,,,,,,,,,,,,,,,,
area,,NOUN,,,,,,,,,,,,,,,,,,,,,,,,,,,,,,,,,,,,,,,,,,,,,,,エリア,CSS の grid-template-areas で定義する領域を指すとき,,,,,,,,,,,,,,,,,,,,,,,,,,,,,,,,,,,,,,,,,,,,,,,,
certificate,,NOUN,,,,,,,,,,,,,,,,,,,,,,,,,,,,,,,,,,,,,,,,,,,,,,,認定証 / 認定講座,証明書を指す時と講座を指す時がある。文脈に応じて使い分ける。,,,,,,,,,,,,,,,,,,,,,,,,,,,,,,,,,,,,,,,,,,,,,,,,
certification,,NOUN,,,,,,,,,,,,,,,,,,,,,,,,,,,,,,,,,,,,,,,,,,,,,,,認定証 / 認定講座 / 認定,証明書を指す時、講座を指す時、両方の意味で使われる時がある。文脈に応じて使い分ける。,,,,,,,,,,,,,,,,,,,,,,,,,,,,,,,,,,,,,,,,,,,,,,,,
course,,NOUN,,,,,,,,,,,,,,,,,,,,,,,,,,,,,,,,,,,,,,,,,,,,,,,コース,各 Certification の一覧画面に表示されている見出しで使われている語。これに対応する一連の講座を指す場合。,,,,,,,,,,,,,,,,,,,,,,,,,,,,,,,,,,,,,,,,,,,,,,,,
objective,,NOUN,,,,,,,,,,,,,,,,,,,,,,,,,,,,,,,,,,,,,,,,,,,,,,,目標,コースの最後のプロジェクトの説明に使用される場合,,,,,,,,,,,,,,,,,,,,,,,,,,,,,,,,,,,,,,,,,,,,,,,,
assignment operator,,NOUN,,,,,,,,,,,,,,,,,,,,,,,,,,,,,,,,,,,,,,,,,,,,,,,代入演算子,,,,,,,,,,,,,,,,,,,,,,,,,,,,,,,,,,,,,,,,,,,,,,,,,
academic honesty,,NOUN,,,,,,,,,,,,,,,,,,,,,,,,,,,,,,,,,,,,,,,,,,,,,,,学問的誠実性,,,,,,,,,,,,,,,,,,,,,,,,,,,,,,,,,,,,,,,,,,,,,,,,,
lesson,,NOUN,,,,,,,,,,,,,,,,,,,,,,,,,,,,,,,,,,,,,,,,,,,,,,,レッスン,特に必要がなければカタカナで「レッスン」とする,,,,,,,,,,,,,,,,,,,,,,,,,,,,,,,,,,,,,,,,,,,,,,,,
object oriented programming,,NOUN,,,,,,,,,,,,,,,,,,,,,,,,,,,,,,,,,,,,,,,,,,,,,,,オブジェクト指向プログラミング,,,,,,,,,,,,,,,,,,,,,,,,,,,,,,,,,,,,,,,,,,,,,,,,,
functional programming,,NOUN,,,,,,,,,,,,,,,,,,,,,,,,,,,,,,,,,,,,,,,,,,,,,,,関数型プログラミング,,,,,,,,,,,,,,,,,,,,,,,,,,,,,,,,,,,,,,,,,,,,,,,,,
destructuring,,NOUN,,,,,,,,,,,,,,,,,,,,,,,,,,,,,,,,,,,,,,,,,,,,,,,分割代入,JavaScript の分割代入 (destructuring assignment) を指すとき,,,,,,,,,,,,,,,,,,,,,,,,,,,,,,,,,,,,,,,,,,,,,,,,
destructuring assignment,,NOUN,,,,,,,,,,,,,,,,,,,,,,,,,,,,,,,,,,,,,,,,,,,,,,,分割代入,,,,,,,,,,,,,,,,,,,,,,,,,,,,,,,,,,,,,,,,,,,,,,,,,
lookahead,,NOUN,,,,,,,,,,,,,,,,,,,,,,,,,,,,,,,,,,,,,,,,,,,,,,,先読み,正規表現の文脈で使われるとき,,,,,,,,,,,,,,,,,,,,,,,,,,,,,,,,,,,,,,,,,,,,,,,,
negative lookahead,,NOUN,,,,,,,,,,,,,,,,,,,,,,,,,,,,,,,,,,,,,,,,,,,,,,,否定先読み,正規表現の文脈で使われるとき,,,,,,,,,,,,,,,,,,,,,,,,,,,,,,,,,,,,,,,,,,,,,,,,
syntax error,,NOUN,,,,,,,,,,,,,,,,,,,,,,,,,,,,,,,,,,,,,,,,,,,,,,,構文エラー,,,,,,,,,,,,,,,,,,,,,,,,,,,,,,,,,,,,,,,,,,,,,,,,,
runtime error,,NOUN,,,,,,,,,,,,,,,,,,,,,,,,,,,,,,,,,,,,,,,,,,,,,,,実行時エラー,,,,,,,,,,,,,,,,,,,,,,,,,,,,,,,,,,,,,,,,,,,,,,,,,
logical error,,NOUN,,,,,,,,,,,,,,,,,,,,,,,,,,,,,,,,,,,,,,,,,,,,,,,論理エラー,,,,,,,,,,,,,,,,,,,,,,,,,,,,,,,,,,,,,,,,,,,,,,,,,
compound assignment,,NOUN,,,,,,,,,,,,,,,,,,,,,,,,,,,,,,,,,,,,,,,,,,,,,,,複合代入,「+=」「-=」などの演算子を使用する代入,,,,,,,,,,,,,,,,,,,,,,,,,,,,,,,,,,,,,,,,,,,,,,,,
literal,,NOUN,,,,,,,,,,,,,,,,,,,,,,,,,,,,,,,,,,,,,,,,,,,,,,,リテラル,文字列リテラル、数値リテラルなど、各データ型の値のソースコード表現を指すとき,,,,,,,,,,,,,,,,,,,,,,,,,,,,,,,,,,,,,,,,,,,,,,,,
escape sequence,,NOUN,,,,,,,,,,,,,,,,,,,,,,,,,,,,,,,,,,,,,,,,,,,,,,,エスケープシーケンス,特殊な文字や制御コードを文字列の中に表すためにバックスラッシュとその後ろの一文字で表記したもの,,,,,,,,,,,,,,,,,,,,,,,,,,,,,,,,,,,,,,,,,,,,,,,,
tree,Data structure,NOUN,,,,,,,,,,,,,,,,,,,,,,,,,,,,,,,,,,,,,,,,,,,,,,,ツリー,データ構造,,,,,,,,,,,,,,,,,,,,,,,,,,,,,,,,,,,,,,,,,,,,,,,,
priority queue,,NOUN,,,,,,,,,,,,,,,,,,,,,,,,,,,,,,,,,,,,,,,,,,,,,,,優先度付きキュー,,,,,,,,,,,,,,,,,,,,,,,,,,,,,,,,,,,,,,,,,,,,,,,,,
incidence matrix,,NOUN,,,,,,,,,,,,,,,,,,,,,,,,,,,,,,,,,,,,,,,,,,,,,,,接続行列,,,,,,,,,,,,,,,,,,,,,,,,,,,,,,,,,,,,,,,,,,,,,,,,,
adjacency matrix,,NOUN,,,,,,,,,,,,,,,,,,,,,,,,,,,,,,,,,,,,,,,,,,,,,,,隣接行列,,,,,,,,,,,,,,,,,,,,,,,,,,,,,,,,,,,,,,,,,,,,,,,,,
typed array,,NOUN,,,,,,,,,,,,,,,,,,,,,,,,,,,,,,,,,,,,,,,,,,,,,,,型付き配列,,,,,,,,,,,,,,,,,,,,,,,,,,,,,,,,,,,,,,,,,,,,,,,,,
type,,NOUN,,,,,,,,,,,,,,,,,,,,,,,,,,,,,,,,,,,,,,,,,,,,,,,型,データ型を指す場合のみ。その他の場合は、種類、タイプなど文脈に応じて翻訳する。,,,,,,,,,,,,,,,,,,,,,,,,,,,,,,,,,,,,,,,,,,,,,,,,
breadth-first search,,NOUN,,,,,,,,,,,,,,,,,,,,,,,,,,,,,,,,,,,,,,,,,,,,,,,幅優先探索,,,,,,,,,,,,,,,,,,,,,,,,,,,,,,,,,,,,,,,,,,,,,,,,,
depth-first search,,NOUN,,,,,,,,,,,,,,,,,,,,,,,,,,,,,,,,,,,,,,,,,,,,,,,深さ優先探索,,,,,,,,,,,,,,,,,,,,,,,,,,,,,,,,,,,,,,,,,,,,,,,,,
subtree,,NOUN,,,,,,,,,,,,,,,,,,,,,,,,,,,,,,,,,,,,,,,,,,,,,,,部分木,,,,,,,,,,,,,,,,,,,,,,,,,,,,,,,,,,,,,,,,,,,,,,,,,
post-order,,NOUN,,,,,,,,,,,,,,,,,,,,,,,,,,,,,,,,,,,,,,,,,,,,,,,帰りがけ順,,,,,,,,,,,,,,,,,,,,,,,,,,,,,,,,,,,,,,,,,,,,,,,,,
pre-order,,NOUN,,,,,,,,,,,,,,,,,,,,,,,,,,,,,,,,,,,,,,,,,,,,,,,行きがけ順,,,,,,,,,,,,,,,,,,,,,,,,,,,,,,,,,,,,,,,,,,,,,,,,,
in-order,,NOUN,,,,,,,,,,,,,,,,,,,,,,,,,,,,,,,,,,,,,,,,,,,,,,,通りがけ順,,,,,,,,,,,,,,,,,,,,,,,,,,,,,,,,,,,,,,,,,,,,,,,,,
proper divisor,,NOUN,,,,,,,,,,,,,,,,,,,,,,,,,,,,,,,,,,,,,,,,,,,,,,,真の約数,,,,,,,,,,,,,,,,,,,,,,,,,,,,,,,,,,,,,,,,,,,,,,,,,
prime,,NOUN,,,,,,,,,,,,,,,,,,,,,,,,,,,,,,,,,,,,,,,,,,,,,,,素数,,,,,,,,,,,,,,,,,,,,,,,,,,,,,,,,,,,,,,,,,,,,,,,,,
square root,,NOUN,,,,,,,,,,,,,,,,,,,,,,,,,,,,,,,,,,,,,,,,,,,,,,,平方根,,,,,,,,,,,,,,,,,,,,,,,,,,,,,,,,,,,,,,,,,,,,,,,,,
reduced proper fraction,,NOUN,,,,,,,,,,,,,,,,,,,,,,,,,,,,,,,,,,,,,,,,,,,,,,,既約真分数,,,,,,,,,,,,,,,,,,,,,,,,,,,,,,,,,,,,,,,,,,,,,,,,,
cube,,NOUN,,,,,,,,,,,,,,,,,,,,,,,,,,,,,,,,,,,,,,,,,,,,,,,立方体,,,,,,,,,,,,,,,,,,,,,,,,,,,,,,,,,,,,,,,,,,,,,,,,,
Mersenne,,NOUN,,,,,,,,,,,,,,,,,,,,,,,,,,,,,,,,,,,,,,,,,,,,,,,メルセンヌ,,,,,,,,,,,,,,,,,,,,,,,,,,,,,,,,,,,,,,,,,,,,,,,,,
square number,,NOUN,,,,,,,,,,,,,,,,,,,,,,,,,,,,,,,,,,,,,,,,,,,,,,,平方数,,,,,,,,,,,,,,,,,,,,,,,,,,,,,,,,,,,,,,,,,,,,,,,,,
pandigital,,NOUN,,,,,,,,,,,,,,,,,,,,,,,,,,,,,,,,,,,,,,,,,,,,,,,パンデジタル,,,,,,,,,,,,,,,,,,,,,,,,,,,,,,,,,,,,,,,,,,,,,,,,,
subset,,NOUN,,,,,,,,,,,,,,,,,,,,,,,,,,,,,,,,,,,,,,,,,,,,,,,部分集合,,,,,,,,,,,,,,,,,,,,,,,,,,,,,,,,,,,,,,,,,,,,,,,,,
prime,,NOUN,,,,,,,,,,,,,,,,,,,,,,,,,,,,,,,,,,,,,,,,,,,,,,,素数,,,,,,,,,,,,,,,,,,,,,,,,,,,,,,,,,,,,,,,,,,,,,,,,,
palindromic,,ADJ,,,,,,,,,,,,,,,,,,,,,,,,,,,,,,,,,,,,,,,,,,,,,,,回文の,,,,,,,,,,,,,,,,,,,,,,,,,,,,,,,,,,,,,,,,,,,,,,,,,
repunit,,NOUN,,,,,,,,,,,,,,,,,,,,,,,,,,,,,,,,,,,,,,,,,,,,,,,レピュニット,,,,,,,,,,,,,,,,,,,,,,,,,,,,,,,,,,,,,,,,,,,,,,,,,
user story,,NOUN,,,,,,,ইউজার স্টোরি,,,,,,,,,,,,,,,,,,,,,,,,,,,,,,,,,,,,,,,,,,,,,,,,,,,,,,,,,,,,,,,,,,,,,,,,,,,,,,,,,,,,,,,,,
binary search tree,,NOUN,,,,,,,,,,,,,,,二叉搜索树,,,,,,,,,,,,,,,,,,,,,,,,,,,,,,,,,,,,,,,,,,,,,,,,,,,,,,,,,,,,,,,,,,,,,,,,двійкове дерево пошуку,,,,,,,,,
conga line,,NOUN,,,,,,,,,,,,,,,,,,,,,,,,,,,,,,,,,,,,,,,,,,,,,,,,,,,,,,,,,,,,,,,,,,,,,,,,,,,,,,,,,,,,,,,Лінія конга,Лінія конга є новизна лінійний танець що було отримано з Кубинський карнавал однойменний танець і стала популярною в США в 30-50-х роках. Танцюристи формують довгу обробну лінію яка зазвичай перетворюється на коло. Її три перетасувати кроки на такт а потім удар який трохи випереджає четвертий удар. Енциклопедія  site:uk.wikiqube.net,,,,,,,,
Torricelli,,NOUN,,,,,,,,,,,,,,,,,,,,,,,,,,,,,,,,,,,,,,,,,,,,,,,トリチェリ,,,,,,,,,,,,,,,,,,,,,,,,,,,,,,,,,,,,,,,,,,,,,,,,,
triomino,,NOUN,,,,,,,,,,,,,,,,,,,,,,,,,,,,,,,,,,,,,,,,,,,,,,,トリオミノ,,,,,,,,,,,,,,,,,,,,,,,,,,,,,,,,,,,,,,,,,,,,,,,,,
cross-hatched,,ADJ,,,,,,,,,,,,,,,,,,,,,,,,,,,,,,,,,,,,,,,,,,,,,,,斜交平行,,,,,,,,,,,,,,,,,,,,,,,,,,,,,,,,,,,,,,,,,,,,,,,,,
cathetus,,NOUN,,,,,,,,,,,,,,,,,,,,,,,,,,,,,,,,,,,,,,,,,,,,,,,隣辺,,,,,,,,,,,,,,,,,,,,,,,,,,,,,,,,,,,,,,,,,,,,,,,,,
sqube,,NOUN,,,,,,,,,,,,,,,,,,,,,,,,,,,,,,,,,,,,,,,,,,,,,,,スキューブ,,,,,,,,,,,,,,,,,,,,,,,,,,,,,,,,,,,,,,,,,,,,,,,,,
squarefree,,ADJ,,,,,,,,,,,,,,,,,,,,,,,,,,,,,,,,,,,,,,,,,,,,,,,平方因子を含まない,,,,,,,,,,,,,,,,Quadrático,"ou, ainda, um quadratfrei",,,,,,,,,,,,,,,,,,,,,,,,,,,,,,,,
cuboid,,NOUN,,,,,,,,,,,,,,,,,,,,,,,,,,,,,,,,,,,,,,,,,,,,,,,直方体,,,,,,,,,,,,,,,,,,,,,,,,,,,,,,,,,,,,,,,,,,,,,,,,,
totient,,NOUN,,,,,,,,,,,,,,,,,,,,,,,,,,,,,,,,,,,,,,,,,,,,,,,トーティエント,,,,,,,,,,,,,,,,,,,,,,,,,,,,,,,,,,,,,,,,,,,,,,,,,
blancmange,,NOUN,,,,,,,,,,,,,,,,,,,,,,,,,,,,,,,,,,,,,,,,,,,,,,,ブラマンジェ,,,,,,,,,,,,,,,,,,,,,,,,,,,,,,,,,,,,,,,,,,,,,,,,,
Minkowski,,PROPN,,,,,,,,,,,,,,,,,,,,,,,,,,,,,,,,,,,,,,,,,,,,,,,ミンコフスキー和,,,,,,,,,,,,,,,,,,,,,,,,,,,,,,,,,,,,,,,,,,,,,,,,,
factorial,,NOUN,,,,,,,,,,,,,,,,,,,,,,,,,,,,,,,,,,,,,,,,,,,,,,,階乗,,,,,,,,,,,,,,,,,,,,,,,,,,,,,,,,,,,,,,,,,,,,,,,,,
divisor,,NOUN,,,,,,,,,,,,,,,,,,,,,,,,,,,,,,,,,,,,,,,,,,,,,,,約数,,,,,,,,,,,,,,,,,,,,,,,,,,,,,,,,,,,,,,,,,,,,,,,,,
diagonal element,,NOUN,,,,,,,,,,,,,,,,,,,,,,,,,,,,,,,,,,,,,,,,,,,,,,,対角要素,仮,,,,,,,,,,,,,,,,,,,,,,,,,,,,,,,,,,,,,,,,,,,,,,,,
partitioning tree,,NOUN,,,,,,,,,,,,,,,,,,,,,,,,,,,,,,,,,,,,,,,,,,,,,,,分割ツリー,,,,,,,,,,,,,,,,,,,,,,,,,,,,,,,,,,,,,,,,,,,,,,,,,
prime factor,,NOUN,,,,,,,,,,,,,,,,,,,,,,,,,,,,,,,,,,,,,,,,,,,,,,,素因数,,,,,,,,,,,,,,,,,,,,,,,,,,,,,,,,,,,,,,,,,,,,,,,,,
assertion,,NOUN,,,,,,,,,,,,,,,,,,,,,,,,,,,Assertion,"Wikipedia: Eine Zusicherung, Sicherstellung oder Assertion (lateinisch/englisch für Aussage, Behauptung) ist eine Aussage über den Zustand eines Computerprogramms oder einer elektronischen Schaltung. Mit Hilfe von Zusicherungen können logische Fehler im Programm oder Defekte in der umgebenden Hard- oder Software erkannt und das Programm kontrolliert beendet werden. Bei der Entwicklung elektronischer Schaltungen kann mittels Assertions die Einhaltung der Spezifikation in der Verifikationsphase überprüft werden. Des Weiteren können Assertions Informationen über den Grad der Testabdeckung während der Verifikation liefern. ",,,,,,,,,,,,,,,,,,,,,,,,,,,,,,,,,,,,,,,,,,,,,,,,,,,,,,,,,,,,,,,,,,,,
strings,,NOUN,,,,,,,,,,,,,,,,,,,string,,,,,,,,,,,,,,,,,,,,,,,,,,,,,,,,,,,,,,,,,,,,,,,,,,,,,,,,,,,,,,,,,,,,,,,,,,,,,
white cell,,NOUN,,,,,,,,,,,,,,,,,,,,,,,,,,,,,,,,,,,,,,,,,,,,,,,ホワイトセル,レーザー物理学の用語として用いられる時,,,,,,,,,,,,,,,,,,,,,,,,,,,,,,,,,,,,,,,,,,,,,,,,
cat photo app,,NOUN,,,,,,,,,,,,,,,,,,,,,,,,,,,,,,,,,,,,,,,,,,,,,,,猫の写真アプリ,Basic HTML and HTML5 コースで作成するアプリを指す時。※コード内で使用する文字列の場合は翻訳しない。,,,,,,,,,,,,,,,,,,,,,,,,,,,,,,,,,,,,,,,,,,,,,,,,
CatPhotoApp,,PROPN,,,,,,,,,,,,,,,,,,,,,,,,,,,,,,,,,,,,,,,,,,,,,,,猫の写真アプリ,Basic HTML and HTML5 コースで作成するアプリを指す時。※コード内で使用する文字列の場合は翻訳しない。,,,,,,,,,,,,,,,,,,,,,,,,,,,,,,,,,,,,,,,,,,,,,,,,
Rothko,,PROPN,,,,,,,,,,,,,,,,,,,,,,,,,,,,,,,,,,,,,,,,,,,,,,,ロスコ,レッスンの題材として取り上げる画家の名前,,,,,,,,,,,,,,,,,,,,,,,,,,,,,,,,,,,,,,,,,,,,,,,,
Mark Rothko,,PROPN,,,,,,,,,,,,,,,,,,,,,,,,,,,,,,,,,,,,,,,,,,,,,,,マーク・ロスコ,レッスンの題材として取り上げる画家の名前,,,,,,,,,,,,,,,,,,,,,,,,,,,,,,,,,,,,,,,,,,,,,,,,
relational database,,NOUN,,,,,,,,,,,,,,,,,,,,,,,,,,,,,,,,,,,,,,,,,,,,,,,リレーショナルデータベース,,,,,,,,,,,,,,,,,,,,,,,,,,,,,,,,,,,,,,,,,,,,,,,,,
repository,,NOUN,,,,,,,,,,,,,,,,,,,,,,,,,,,,,,,,,,,,,,,,,,,,,,,リポジトリ,特に GitHub のリポジトリを指す場合,,,,,,,,,,,,,,,,,,,,,,,,,,,,,,,,,,,,,,,,,,,,,,,,
deep equality,,NOUN,,,,,,,,,,,,,,,,,,,,,,,,,,,,,,,,,,,,,,,,,,,,,,,深い等価性,2 つのオブジェクトのキーと値がそれぞれ等しいこと,,,,,,,,,,,,,,,,,,,,,,,,,,,,,,,,,,,,,,,,,,,,,,,,
information security,,NOUN,,,,,,,,,,,,,,,,,,,,,,,,,,,,,,,,,,,,,,,,,,,,,,,情報セキュリティ,,,,,,,,,,,,,,,,,,,,,,,,,,,,,,,,,,,,,,,,,,,,,,,,,
penetration testing,,NOUN,,,,,,,,,,,,,,,,,,,,,,,,,,,,,,,,,,,,,,,,,,,,,,,ペネトレーションテスト,,,,,,,,,,,,,,,,,,,,,,,,,,,,,,,,,,,,,,,,,,,,,,,,,
Project Euler,,PROPN,,,,,,,,,,,,,,,,,,,,,,,,,,,,,,,,,,,,,,,,,,,,,,,プロジェクト・オイラー,,,,,,,,,,,,,,,,,,,,,,,,,,,,,,,,,,,,,,,,,,,,,,,,,
force directed graph,,NOUN,,,,,,,,,,,,,,,,,,,,,,,,,,,,,,,,,,,,,,,,,,,,,,,力学モデルによるグラフ,,,,,,,,,,,,,,,,,,,,,,,,,,,,,,,,,,,,,,,,,,,,,,,,,
academic honesty policy,,NOUN,,,,,,,,,,,,,,,,,,,,,,,,,,,,,,,,,,,,,,,,,,,,,,,学問的誠実性ポリシー,,,,,,,,,,,,,,,,,,,,,,,,,,,,,,,,,,,,,,,,,,,,,,,,,
privacy policy,,NOUN,,,,,,,,,,,,,,,,,,,,,,,,,,,,,,,,,,,,,,,,,,,,,,,プライバシーポリシー,,,,,,,,,,,,,,,,,,,,,,,,,,,,,,,,,,,,,,,,,,,,,,,,,
copyright policy,,NOUN,,,,,,,,,,,,,,,,,,,,,,,,,,,,,,,,,,,,,,,,,,,,,,,コピーライトポリシー,,,,,,,,,,,,,,,,,,,,,,,,,,,,,,,,,,,,,,,,,,,,,,,,,
verified certification,,NOUN,,,,,,,,,,,,,,,,,,,,,,,,,,,,,,,,,,,,,,,,,,,,,,,認定証書,,,,,,,,,,,,,,,,,,,,,,,,,,,,,,,,,,,,,,,,,,,,,,,,,
tax-deductible,,NOUN,,,,,,,,,,,,,,,,,,,,,,,,,,,,,,,,,,,,,,,,,,,,,,,場合により税控除可能 / 税控除可能な場合がある,読者が日本国内在住の場合は控除対象とならないとみられるが、対象となる国・地域の日本語話者も考慮し、両方に対応する形で訳すこととする,,,,,,,,,,,,,,,,,,,,,,,,,,,,,,,,,,,,,,,,,,,,,,,,
report,,NOUN,,,,,,,,,,,,,,,,,,,,,,,,,,,,,,,,,,,,,,,,,,,,,,,報告,ユーザーの不正行為の報告を指すとき (UIで使用),,,,,,,,,,,,,,,,,,,,,,,,,,,,,,,,,,,,,,,,,,,,,,,,
live app,,NOUN,,,,,,,,,,,,,,,,,,,,,,,,,,,,,,,,,,,,,,,,,,,,,,,動作可能なアプリ,プロジェクトやチャレンジでユーザーが作成した、実際に動作可能なアプリを指す場合,,,,,,,,,,,,,,,,,,,,,,,,,,,,,,,,,,,,,,,,,,,,,,,,
Wikipedia viewer,,PROPN,,,,,,,,,,,,,,,,,,,,,,,,,,,,,,,,,,,,,,,,,,,,,,,ウィキペディアビューア,プロジェクトで作成するアプリ,,,,,,,,,,,,,,,,,,,,,,,,,,,,,,,,,,,,,,,,,,,,,,,,
game of life,,NOUN,,,,,,,,,,,,,,,,,,,,,,,,,,,,,,,,,,,,,,,,,,,,,,,ライフゲーム,プロジェクトで作成するアプリ (Conway's Game of Life) を指す場合,,,,,,,,,,,,,,,,,,,,,,,,,,,,,,,,,,,,,,,,,,,,,,,,
Roguelike Dungeon Crawler Game,,PROPN,,,,,,,,,,,,,,,,,,,,,,,,,,,,,,,,,,,,,,,,,,,,,,,ダンジョン探索ローグライクゲーム,プロジェクトで作成するアプリ,,,,,,,,,,,,,,,,,,,,,,,,,,,,,,,,,,,,,,,,,,,,,,,,
issue,,NOUN,,,,,,,,,,,,,,,,,,,,,,,,,,,,,,,,,,,,,,,,,,,,,,,Issue,GitHub の Issue を指す場合,,,,,,,,,,,,,,,,,,,,,,,,,,,,,,,,,,,,,,,,,,,,,,,,
pull request,,NOUN,,,,,,,,,,,,,,,,,,,,,,,,,,,,,,,,,,,,,,,,,,,,,,,プルリクエスト,GitHub のプルリクエストを指す場合,,,,,,,,,,,,,,,,,,,,,,,,,,,,,,,,,,,,,,,,,,,,,,,,
Discord,,PROPN,,,,,,,,,,,,,,,,,,,,,,,,,,,,,,,,,,,,,,,,,,,,,,,Discord,サービス名として翻訳しない,,,,,,,,,,,,,,,,,,,,,,,,,,,,,,,,,,,,,,,,,,,,,,,,
camper,,NOUN,,,,,,,,,,,,,,,,,,,,,,,,,,,,,,,,,,,,,,,,,,,,,,,キャンパー,freeCodeCamp の受講者 (ユーザー) のことを指す場合,,,,,,,,,,,,,,,,,,,,,,,,,,,,,,,,,,,,,,,,,,,,,,,,
Docker image,,NOUN,,,,,,,,,,,,,,,,,,,,,,,,,,,,,,,,,,,,,,,,,,,,,,,Docker イメージ,,,,,,,,,,,,,,,,,,,,,,,,,,,,,,,,,,,,,,,,,,,,,,,,,
dangling image,,NOUN,,,,,,,,,,,,,,,,,,,,,,,,,,,,,,,,,,,,,,,,,,,,,,,宙ぶらりんイメージ,タグを持たず、他のコンテナからも参照されない Docker イメージのことを指す場合,,,,,,,,,,,,,,,,,,,,,,,,,,,,,,,,,,,,,,,,,,,,,,,,
droplet,,NOUN,,,,,,,,,,,,,,,,,,,,,,,,,,,,,,,,,,,,,,,,,,,,,,,droplet,DigitalOcean の VM を提供する機能・サービス名を指す場合、翻訳しない,,,,,,,,,,,,,,,,,,,,,,,,,,,,,,,,,,,,,,,,,,,,,,,,
